,isWeekday,Daytime 0,Daytime 1,Daytime 2,Daytime 3,Daytime 4,Duration 0,Duration 1,Duration 2,Duration 3,isICMP,isUDP,isTCP,Src IP 0,Src IP 1,Src IP 2,Src IP 3,Src IP 4,Src IP 5,Src IP 6,Src IP 7,Src IP 8,Src IP 9,Src IP 10,Src IP 11,Src IP 12,Src IP 13,Src IP 14,Src IP 15,Src IP 16,Src IP 17,Src IP 18,Src IP 19,Src IP 20,Src IP 21,Src IP 22,Src IP 23,Src IP 24,Src IP 25,Src IP 26,Src IP 27,Src IP 28,Src IP 29,Src IP 30,Src IP 31,Src IP 32,Src IP 33,Src IP 34,Src IP 35,Src Pt 0,Src Pt 1,Src Pt 2,Src Pt 3,Src Pt 4,Src Pt 5,Src Pt 6,Src Pt 7,Src Pt 8,Src Pt 9,Src Pt 10,Src Pt 11,Src Pt 12,Src Pt 13,Src Pt 14,Src Pt 15,Src Pt 16,Src Pt 17,Src Pt 18,Src Conns 0,Src Conns 1,Src Conns 2,Src Conns 3,Dst IP 0,Dst IP 1,Dst IP 2,Dst IP 3,Dst IP 4,Dst IP 5,Dst IP 6,Dst IP 7,Dst IP 8,Dst IP 9,Dst IP 10,Dst IP 11,Dst IP 12,Dst IP 13,Dst IP 14,Dst IP 15,Dst IP 16,Dst IP 17,Dst IP 18,Dst IP 19,Dst IP 20,Dst IP 21,Dst IP 22,Dst IP 23,Dst IP 24,Dst IP 25,Dst IP 26,Dst IP 27,Dst IP 28,Dst IP 29,Dst IP 30,Dst IP 31,Dst IP 32,Dst IP 33,Dst IP 34,Dst IP 35,Dst Pt 0,Dst Pt 1,Dst Pt 2,Dst Pt 3,Dst Pt 4,Dst Pt 5,Dst Pt 6,Dst Pt 7,Dst Pt 8,Dst Pt 9,Dst Pt 10,Dst Pt 11,Dst Pt 12,Dst Pt 13,Dst Pt 14,Dst Pt 15,Dst Pt 16,Dst Pt 17,Dst Pt 18,Dst Conns 0,Dst Conns 1,Dst Conns 2,Dst Conns 3,Packets 0,Packets 1,Packets 2,Packets 3,Bytes 0,Bytes 1,Bytes 2,Bytes 3,Bytes 4,isSYN,isACK,isFIN,isURG,isPSH,isRES,expected_value
0,0.0,0.0,0.0,-0.1647089671128404,0.0,0.0,0.0,-0.185660094107842,0.0,0.0,0.0,0.0,-0.4330418423445773,0.0,0.0,0.0,0.0,0.0,0.0,0.0,0.0,0.0,0.0,0.0,0.0,0.0,0.0,0.0,-0.1872857650121528,0.0,0.0,0.0,0.0,0.0,0.0,0.0,0.0,0.0,0.0,0.0,0.0,0.0,0.0,0.0,0.0,0.0,0.0,0.0,0.0,0.0,-0.2892516997407758,0.0,0.0,0.0,0.0,0.0,0.0,0.0,0.0,0.0,0.0,0.0,0.0,0.0,0.0,0.0,0.0,0.0,-0.328603345269564,0.0,0.0,0.0,0.0,0.0,0.0,0.0,0.0,0.0,0.0,0.0,0.0,0.0,0.0,0.0,0.0,0.0,0.0,0.0,0.0,0.0,0.0,0.0,0.0,0.0,0.0,0.0,-0.1215561513634942,0.0,0.0,0.0,0.0,0.0,0.0,0.0,0.0,0.0,0.0,0.0,0.0,0.0,0.0,0.0,0.0,0.0,0.0,0.0,0.0,0.0,-0.2119184803234391,0.0,0.0,0.0,0.0,0.0,0.0,0.0,0.0,0.0,0.0,0.0,-0.0112814138895716,0.0,0.0,-0.3239023636313982,0.0,0.0,0.0,0.0,-0.2581807855642366,0.0,0.0,-0.1327083948856517,0.0,0.0,0.0,0.0,4.563416957855225
1,0.0,0.0,0.0,-0.1262547214863553,0.0,0.0,-0.1399768837479396,0.0,0.0,0.0,0.0,0.0,-0.2813467811777868,0.0,0.0,0.0,0.0,0.0,0.0,0.0,0.0,0.0,0.0,0.0,0.0,0.0,0.0,0.0,0.0,0.0,0.0,0.0,0.0,0.0,0.0,0.0,0.0,-0.0071393928999622,0.0,0.0,0.0,0.0,0.0,0.0,0.0,0.0,0.0,0.0,0.0,0.0,0.0,0.0,0.0,0.0,0.0,0.0,0.0,0.0,0.0,-0.3069714829657484,0.0,0.0,0.0,0.0,0.0,0.0,0.0,0.0,0.0,0.0,0.0,0.0,0.0,0.0,0.0,0.0,0.0,0.0,0.0,0.0,0.0,0.0,0.0,0.0,0.0,0.0,0.0,-0.188249063767128,0.0,0.0,0.0,0.0,0.0,0.0,0.0,0.0,0.0,0.0,0.0,0.0,0.0,0.0,0.0,0.0,0.0,0.0,0.0,0.0,0.0,-0.2605305386057654,0.0,0.0,0.0,0.0,0.0,0.0,0.0,0.0,0.0,0.0,0.0,0.0,0.0,0.0,0.0,0.0,0.0,0.0,-0.0526065450560984,0.0,0.0,0.0,0.0,-0.0622672388239823,0.0,0.0,0.0,-0.1129877728080768,0.0,0.0,0.3187658247638488,-0.1281758180256549,-0.1010141344258397,0.0,0.0,0.0,4.563416957855225
2,0.0,0.0,-0.138602493690479,0.0,0.0,0.0,0.0,-0.1914508351615724,0.0,0.0,0.0,0.0,-0.4358161135917223,0.0,0.0,0.0,0.0,0.0,0.0,0.0,0.0,0.0,0.0,0.0,0.0,0.0,0.0,0.0,-0.1864846556842366,0.0,0.0,0.0,0.0,0.0,0.0,0.0,0.0,0.0,0.0,0.0,0.0,0.0,0.0,0.0,0.0,0.0,0.0,0.0,0.0,0.0,-0.2973885817862896,0.0,0.0,0.0,0.0,0.0,0.0,0.0,0.0,0.0,0.0,0.0,0.0,0.0,0.0,0.0,0.0,0.0,-0.3297966218125443,0.0,0.0,0.0,0.0,0.0,0.0,0.0,0.0,0.0,0.0,0.0,0.0,0.0,0.0,0.0,0.0,0.0,0.0,0.0,0.0,0.0,0.0,0.0,0.0,0.0,0.0,0.0,-0.1255324881264213,0.0,0.0,0.0,0.0,0.0,0.0,0.0,0.0,0.0,0.0,0.0,0.0,0.0,0.0,0.0,0.0,0.0,0.0,0.0,0.0,0.0,-0.2157164473318221,0.0,0.0,0.0,0.0,0.0,0.0,0.0,0.0,0.0,0.0,0.0,-0.0224499488649303,0.0,0.0,-0.3220813118823489,0.0,0.0,0.0,0.0,-0.2699557512545527,0.0,0.0,-0.1199880555234682,0.0,0.0,0.0,0.0,4.563416957855225
3,0.0,0.0,0.0,-0.1396053516215061,0.0,0.0,0.0,-0.1980161164285553,0.0,0.0,0.0,0.0,-0.403077256925081,0.0,0.0,0.0,0.0,0.0,0.0,0.0,0.0,0.0,0.0,0.0,0.0,0.0,0.0,0.0,-0.1989265391620813,0.0,0.0,0.0,0.0,0.0,0.0,0.0,0.0,0.0,0.0,0.0,0.0,0.0,0.0,0.0,0.0,0.0,0.0,0.0,0.0,0.0,-0.2664493188483996,0.0,0.0,0.0,0.0,0.0,0.0,0.0,0.0,0.0,0.0,0.0,0.0,0.0,0.0,0.0,0.0,0.0,0.0,0.0,0.0,0.0,0.0,0.0,0.0,0.0,0.0,0.0,0.0,0.0,0.0,0.0,0.0,0.0,0.0,0.0,0.0,0.0,0.0,0.0,0.0,0.0,0.0,0.0,0.0,0.0,-0.1516014306494559,0.0,0.0,0.0,0.0,0.0,0.0,0.0,0.0,0.0,0.0,0.0,0.0,0.0,0.0,0.0,0.0,0.0,0.0,0.0,0.0,0.0,-0.2327967105141201,0.0,0.0,0.0,0.0,0.0,0.0,0.0,0.0,0.0,0.0,0.0,0.0504210676077917,0.0,0.0,-0.2921284151366694,0.0,0.0,0.0,0.0,-0.2378424248096969,0.0,0.0773116131843156,-0.1323865973391167,0.0390820531343063,0.0,-0.0137815829134839,0.0,4.563416957855225
4,-0.0091615764193351,0.0,0.0,-0.1208739594067304,0.0,0.0,0.0,-0.118224527363642,0.0,0.0,0.0,0.0,-0.353785611921756,0.0,0.0,0.0,0.0,0.0,0.0,0.0,0.0,0.0,0.0,0.0,0.0,0.0,0.0,0.0,0.0,0.0,0.0,0.0,0.0,0.0,0.0,0.0,0.0,0.0,0.0,0.0,0.0,0.0,0.0,0.0,0.0,0.0,0.0,0.0,0.0,0.0,0.0,0.0,0.0,0.0,0.0,0.0,0.0,0.0,0.0,-0.3516839936124358,0.0,0.0,0.0,0.0,0.0,0.0,0.0,0.0,0.0,0.0,0.0,-0.1627216268314442,0.0,0.0,0.0,0.0,0.0,0.0,0.0,0.0,0.0,0.0,0.0,0.0,0.0,0.0,0.0,-0.1771827904176207,0.0,0.0,0.0,0.0,0.0,0.0,0.0,0.0,0.0,0.0,0.0,0.0,0.0,0.0,0.0,0.0,0.0,0.0,0.0,0.0,0.0,-0.3165398927167097,0.0,0.0,0.0,0.0,0.0,0.0,0.0,0.0,0.0,0.0,0.0,0.0,0.0,0.0,0.0,0.0,0.0,-0.2457166472364719,0.0,0.0,0.0,0.0,0.0,-0.1914439396561497,0.0,0.0,0.0,0.0,-0.1793506571131964,0.0,0.0618716680264552,-0.1788424579129199,-0.0636454133518804,0.0,0.0,0.0,4.563416957855225
5,-0.0062880560868759,0.0,0.0,-0.1204322954539521,0.0,0.0,0.0,-0.1136841582145489,0.0,0.0,0.0,0.0,-0.2979883771896551,0.0,0.0,0.0,0.0,0.0,0.0,0.0,0.0,0.0,0.0,0.0,0.0,0.0,0.0,0.0,0.0,0.0,0.0,0.0,0.0,0.0,0.0,0.0,0.0,0.0,0.0,0.0,0.0,0.0,0.0,0.0,0.0,0.0,0.0,0.0,0.0,0.0,0.0,0.0,0.0,0.0,0.0,0.0,0.0,0.0,0.0,-0.2971414478827103,0.0,0.0,0.0,0.0,0.0,0.0,0.0,0.0,0.0,0.0,0.0,-0.0917029143103341,0.0,0.0,0.0,0.0,0.0,0.0,0.0,0.0,0.0,0.0,0.0,0.0,0.0,0.0,0.0,-0.186522383084956,0.0,0.0,0.0,0.0,0.0,0.0,0.0,0.0,0.0,0.0,0.0,0.0,0.0,0.0,0.0,0.0,0.0,0.0,0.0,0.0,0.0,-0.2899929515569506,0.0,0.0,0.0,0.0,0.0,0.0,0.0,0.0,0.0,0.0,0.0,0.0,0.0,0.0,0.0,0.0,0.0,0.0,-0.0266050962452442,0.0,0.0,0.0,0.0,-0.2006126061416593,0.0,0.0,0.0,0.0,-0.1922941874807925,0.0,0.2696082398407712,-0.1506122064412387,-0.0534229431136694,0.0,0.0,0.0,4.563416957855225
6,0.0,0.0,0.0,-0.1249533921590722,0.0,0.0,0.0,-0.1238790022776696,0.0,0.0,0.0,0.0,-0.35795746556412,0.0,0.0,0.0,0.0,0.0,0.0,0.0,0.0,0.0,0.0,0.0,0.0,0.0,0.0,0.0,0.0,0.0,0.0,0.0,0.0,0.0,0.0,0.0,0.0,0.0,0.0,0.0,0.0,0.0,0.0,0.0,0.0,0.0,0.0,0.0,0.0,0.0,0.0,0.0,0.0,0.0,0.0,0.0,0.0,0.0,0.0,-0.358191400513649,0.0,0.0,0.0,0.0,0.0,0.0,0.0,0.0,0.0,0.0,0.0,-0.1548983806763764,0.0,0.0,0.0,0.0,0.0,0.0,0.0,0.0,0.0,0.0,0.0,0.0,0.0,0.0,0.0,-0.1839335560091444,0.0,0.0,0.0,0.0,0.0,0.0,0.0,0.0,0.0,0.0,0.0,0.0,0.0,0.0,0.0,0.0,0.0,0.0,0.0,0.0,0.0,-0.3140061198668338,0.0,0.0,0.0,0.0,0.0,0.0,0.0,0.0,0.0,0.0,0.0,0.0,0.0,0.0,0.0,0.0,0.0,-0.2386697421373376,0.0,0.0,0.0,0.0,0.0,-0.1847102833830725,0.0,0.0,0.0,0.0,-0.186189019155279,0.0,0.0599532256942327,-0.1818057041538785,-0.0580605857316376,0.0,0.0,0.0,4.563416957855225
7,0.0,0.0,0.0,-0.1616653727601107,0.0,0.0,0.0,-0.1901505395802014,0.0,0.0,0.0,0.0,-0.4306137243152067,0.0,0.0,0.0,0.0,0.0,0.0,0.0,0.0,0.0,0.0,0.0,0.0,0.0,0.0,0.0,-0.1939592035820767,0.0,0.0,0.0,0.0,0.0,0.0,0.0,0.0,0.0,0.0,0.0,0.0,0.0,0.0,0.0,0.0,0.0,0.0,0.0,0.0,0.0,-0.2816381463888362,0.0,0.0,0.0,0.0,0.0,0.0,0.0,0.0,0.0,0.0,0.0,0.0,0.0,0.0,0.0,0.0,0.0,-0.331758899243142,0.0,0.0,0.0,0.0,0.0,0.0,0.0,0.0,0.0,0.0,0.0,0.0,0.0,0.0,0.0,0.0,0.0,0.0,0.0,0.0,0.0,0.0,0.0,0.0,0.0,0.0,0.0,-0.1271324475772215,0.0,0.0,0.0,0.0,0.0,0.0,0.0,0.0,0.0,0.0,0.0,0.0,0.0,0.0,0.0,0.0,0.0,0.0,0.0,0.0,0.0,-0.2005487241231411,0.0,0.0,0.0,0.0,0.0,0.0,0.0,0.0,0.0,0.0,0.0,-0.0104502559300825,0.0,0.0,-0.3177499769244152,0.0,0.0,0.0,0.0,-0.2770373844954079,0.0,0.0,-0.1253946283257025,0.0,0.0,0.0,0.0,4.563416957855225
8,0.0,0.0,0.0,-0.1495363966446522,0.0,0.0,0.0,-0.1905657125825828,0.0,0.0,0.0,0.0,-0.4409048221440098,0.0,0.0,0.0,0.0,0.0,0.0,0.0,0.0,0.0,0.0,0.0,0.0,0.0,0.0,0.0,-0.1910130838127827,0.0,0.0,0.0,0.0,0.0,0.0,0.0,0.0,0.0,0.0,0.0,0.0,0.0,0.0,0.0,0.0,0.0,0.0,0.0,0.0,0.0,-0.3059782418014282,0.0,0.0,0.0,0.0,0.0,0.0,0.0,0.0,0.0,0.0,0.0,0.0,0.0,0.0,0.0,0.0,0.0,-0.3196841211258292,0.0,0.0,0.0,0.0,0.0,0.0,0.0,0.0,0.0,0.0,0.0,0.0,0.0,0.0,0.0,0.0,0.0,0.0,0.0,0.0,0.0,0.0,0.0,0.0,0.0,0.0,0.0,-0.1209027782912848,0.0,0.0,0.0,0.0,0.0,0.0,0.0,0.0,0.0,0.0,0.0,0.0,0.0,0.0,0.0,0.0,0.0,0.0,0.0,0.0,0.0,-0.1974207390638251,0.0,0.0,0.0,0.0,0.0,0.0,0.0,0.0,0.0,0.0,0.0,-0.0261153513231835,0.0,0.0,-0.3176205676944863,0.0,0.0,0.0,0.0,-0.2678749413824819,0.0,0.0,-0.1204825473789972,0.0,0.0,0.0,0.0,4.563416957855225
9,0.0,0.0,0.0,-0.1573766879345821,0.0,0.0,0.0,-0.1791471693414522,0.0,0.0,0.0,0.0,-0.404370138690199,0.0,0.0,0.0,0.0,0.0,0.0,0.0,0.0,0.0,0.0,0.0,0.0,0.0,0.0,0.0,-0.1972398759481714,0.0,0.0,0.0,0.0,0.0,0.0,0.0,0.0,0.0,0.0,0.0,0.0,0.0,0.0,0.0,0.0,0.0,0.0,0.0,0.0,0.0,-0.2571649785543228,0.0,0.0,0.0,0.0,0.0,0.0,0.0,0.0,0.0,0.0,0.0,0.0,0.0,0.0,0.0,0.0,0.0,0.0,0.0,0.0,0.0,0.0,0.0,0.0,0.0,0.0,0.0,0.0,0.0,0.0,0.0,0.0,0.0,0.0,0.0,0.0,0.0,0.0,0.0,0.0,0.0,0.0,0.0,0.0,0.0,-0.1508864843159878,0.0,0.0,0.0,0.0,0.0,0.0,0.0,0.0,0.0,0.0,0.0,0.0,0.0,0.0,0.0,0.0,0.0,0.0,0.0,0.0,0.0,-0.2453761335696739,0.0,0.0,0.0,0.0,0.0,0.0,0.0,0.0,0.0,0.0,0.0,0.04814977303824,0.0,0.0,-0.3027974908025708,0.0,0.0,0.0,0.0,-0.2405838794376697,0.0,0.100276250148783,-0.1423847457891624,0.0412758711066364,0.0,-0.0121713203316202,0.0,4.563416957855225
10,0.0,0.0,0.0,-0.1594651353026059,0.0,0.0,0.0,-0.1933323511828086,0.0,0.0,0.0,0.0,-0.4359466853583745,0.0,0.0,0.0,0.0,0.0,0.0,0.0,0.0,0.0,0.0,0.0,0.0,0.0,0.0,0.0,-0.1966464977592797,0.0,0.0,0.0,0.0,0.0,0.0,0.0,0.0,0.0,0.0,0.0,0.0,0.0,0.0,0.0,0.0,0.0,0.0,0.0,0.0,0.0,-0.2833828692931259,0.0,0.0,0.0,0.0,0.0,0.0,0.0,0.0,0.0,0.0,0.0,0.0,0.0,0.0,0.0,0.0,0.0,-0.3246209960768211,0.0,0.0,0.0,0.0,0.0,0.0,0.0,0.0,0.0,0.0,0.0,0.0,0.0,0.0,0.0,0.0,0.0,0.0,0.0,0.0,0.0,0.0,0.0,0.0,0.0,0.0,0.0,-0.1206873603384709,0.0,0.0,0.0,0.0,0.0,0.0,0.0,0.0,0.0,0.0,0.0,0.0,0.0,0.0,0.0,0.0,0.0,0.0,0.0,0.0,0.0,-0.2012781992778909,0.0,0.0,0.0,0.0,0.0,0.0,0.0,0.0,0.0,0.0,0.0,-0.0142646058008593,0.0,0.0,-0.3186304752228723,0.0,0.0,0.0,0.0,-0.2667614402800686,0.0,0.0,-0.1330826873523665,0.0,0.0,0.0,0.0,4.563416957855225
11,0.0,0.0,0.0,-0.1638389174470091,0.0,0.0,0.0,-0.1902533095896977,0.0,0.0,0.0,0.0,-0.4461521860689018,0.0,0.0,0.0,0.0,0.0,0.0,0.0,0.0,0.0,0.0,0.0,0.0,0.0,0.0,0.0,-0.212452384225422,0.0,0.0,0.0,0.0,0.0,0.0,0.0,0.0,0.0,0.0,0.0,0.0,0.0,0.0,0.0,0.0,0.0,0.0,0.0,0.0,0.0,-0.3010326188431654,0.0,0.0,0.0,0.0,0.0,0.0,0.0,0.0,0.0,0.0,0.0,0.0,0.0,0.0,0.0,0.0,0.0,-0.3328770894622418,0.0,0.0,0.0,0.0,0.0,0.0,0.0,0.0,0.0,0.0,0.0,0.0,0.0,0.0,0.0,0.0,0.0,0.0,0.0,0.0,0.0,0.0,0.0,0.0,0.0,0.0,0.0,-0.1267163320016911,0.0,0.0,0.0,0.0,0.0,0.0,0.0,0.0,0.0,0.0,0.0,0.0,0.0,0.0,0.0,0.0,0.0,0.0,0.0,0.0,0.0,-0.2116620715270369,0.0,0.0,0.0,0.0,0.0,0.0,0.0,0.0,0.0,0.0,0.0,-0.0238171273127605,0.0,0.0,-0.3275133025095614,0.0,0.0,0.0,0.0,-0.2790735648146146,0.0,0.0534791863923638,-0.1411790776471944,0.0549894918113889,0.0,0.0,0.0,4.563416957855225
12,-0.009257076062337,0.0,-0.0983166338079578,0.0,0.0,0.0,-0.1156758011064757,0.0,0.0,0.0,0.0,0.0,-0.3471805959966115,0.0,0.0,0.0,0.0,0.0,0.0,0.0,0.0,0.0,0.0,0.0,0.0,0.0,0.0,0.0,0.0,0.0,0.0,0.0,0.0,0.0,0.0,0.0,0.0,-0.0170871594794321,0.0,0.0,0.0,0.0,0.0,0.0,0.0,0.0,0.0,0.0,0.0,0.0,0.0,0.0,0.0,0.0,0.0,0.0,0.0,0.0,0.0,-0.4222595261133641,0.0,0.0,0.0,0.0,0.0,0.0,0.0,0.0,0.0,0.0,0.0,-0.0622083198371976,0.0,0.0,0.0,0.0,0.0,0.0,0.0,0.0,0.0,0.0,0.0,0.0,0.0,0.0,0.0,-0.1731547410646269,0.0,0.0,0.0,0.0,0.0,0.0,0.0,0.0,0.0,0.0,0.0,0.0,0.0,0.0,0.0,0.0,0.0,0.0,0.0,0.0,0.0,-0.3251688708977504,0.0,0.0,0.0,0.0,0.0,0.0,0.0,0.0,0.0,0.0,0.0,0.0,0.0,0.0,0.0,0.0,0.0,-0.2244836042947534,0.0,0.0,0.0,0.0,0.0,-0.0987913473881543,0.0,0.0,0.0,0.0,-0.1713003948383844,0.0,0.1297362546892011,-0.1681400702119373,-0.0579016697120446,0.0,0.0,0.0,4.563416957855225
13,0.0215613945114884,0.0,0.0,0.0,-0.1189816013407029,0.0,0.0,-0.1859745434088197,0.0,0.0,0.0,0.0,-0.4049160754026455,0.0,0.0,0.0,0.0,0.0,0.0,0.0,0.0,0.0,0.0,0.0,0.0,0.0,0.0,0.0,-0.2220058504490193,0.0,0.0,0.0,0.0,0.0,0.0,0.0,0.0,0.0,0.0,0.0,0.0,0.0,0.0,0.0,0.0,0.0,0.0,0.0,0.0,0.0,-0.2620920512470361,0.0,0.0,0.0,0.0,0.0,0.0,0.0,0.0,0.0,0.0,0.0,0.0,0.0,0.0,0.0,0.0,0.0,0.0,0.0,0.0,0.0,0.0,0.0,0.0,0.0,0.0,0.0,0.0,0.0,0.0,0.0,0.0,0.0,0.0,0.0,0.0,0.0,0.0,0.0,0.0,0.0,0.0,0.0,0.0,0.0,-0.1567068682977591,0.0,0.0,0.0,0.0,0.0,0.0,0.0,0.0,0.0,0.0,0.0,0.0,0.0,0.0,0.0,0.0,0.0,0.0,0.0,0.0,0.0,-0.225551671007613,0.0,0.0,0.0,0.0,0.0,0.0,0.0,0.0,0.0,0.0,0.0,0.0419325468215565,0.0,0.0,-0.3090177340203957,0.0,0.0,0.0,0.0,-0.2363623595928662,0.0,0.0854481695533516,-0.1393563030527627,0.0462238775882517,0.0,-0.0373110056519765,0.0,4.563416957855225
14,0.0,0.0,0.0,-0.1544625882361527,0.0,0.0,0.0,-0.1770469903599151,0.0,0.0,0.0,0.0,-0.3931303655274141,0.0,0.0,0.0,0.0,0.0,0.0,0.0,0.0,0.0,0.0,0.0,0.0,0.0,0.0,0.0,-0.182555165821009,0.0,0.0,0.0,0.0,0.0,0.0,0.0,0.0,0.0,0.0,0.0,0.0,0.0,0.0,0.0,0.0,0.0,0.0,0.0,0.0,0.0,-0.2572976125122745,0.0,0.0,0.0,0.0,0.0,0.0,0.0,0.0,0.0,0.0,0.0,0.0,0.0,0.0,0.0,0.0,0.0,0.0,0.0,0.0,0.0,0.0,0.0,0.0,0.0,0.0,0.0,0.0,0.0,0.0,0.0,0.0,0.0,0.0,0.0,0.0,0.0,0.0,0.0,0.0,0.0,0.0,0.0,0.0,0.0,-0.1410133118473377,0.0,0.0,0.0,0.0,0.0,0.0,0.0,0.0,0.0,0.0,0.0,0.0,0.0,0.0,0.0,0.0,0.0,0.0,0.0,0.0,0.0,-0.2270397849895941,0.0,0.0,0.0,0.0,0.0,0.0,0.0,0.0,0.0,0.0,0.0,0.0,0.0,0.0,-0.3024635804649085,0.0,0.0,0.0,0.0,-0.2303558521691671,0.0,0.0901128653677201,-0.1245446238616998,0.0,0.0,0.0,0.0,4.563416957855225
15,-0.0120901457224987,0.0,0.0,-0.1243490824375374,0.0,0.0,0.0,-0.1157637305925198,0.0,0.0,0.0,0.0,-0.3360377251906122,0.0,0.0,0.0,0.0,0.0,0.0,0.0,0.0,0.0,0.0,0.0,0.0,0.0,0.0,0.0,0.0,0.0,0.0,0.0,0.0,0.0,0.0,0.0,0.0,-0.0230346380594724,0.0,0.0,0.0,0.0,0.0,0.0,0.0,0.0,0.0,0.0,0.0,0.0,0.0,0.0,0.0,0.0,0.0,0.0,0.0,0.0,0.0,-0.3180978506530203,0.0,0.0,0.0,0.0,0.0,0.0,0.0,0.0,0.0,0.0,0.0,-0.1463799530856791,0.0,0.0,0.0,0.0,0.0,0.0,0.0,0.0,0.0,0.0,0.0,0.0,0.0,0.0,0.0,-0.1745878175784374,0.0,0.0,0.0,0.0,0.0,0.0,0.0,0.0,0.0,0.0,0.0,0.0,0.0,0.0,0.0,0.0,0.0,0.0,0.0,0.0,0.0,-0.2922096991243597,0.0,0.0,0.0,0.0,0.0,0.0,0.0,0.0,0.0,0.0,0.0,0.0,0.0,0.0,0.0,0.0,0.0,-0.2469267294037475,0.0,0.0,0.0,0.0,0.0,-0.1521438882019913,0.0,0.0,0.0,-0.1814290198735447,0.0,0.0,0.0539959266375751,-0.1629889910287305,-0.0911151582641589,0.0,0.0,0.0,4.563416957855225
16,0.0,0.0,0.0,-0.1249399527228749,0.0,0.0,0.0,-0.1120247559516583,0.0,0.0,0.0,0.0,-0.2903462843817677,0.0,0.0,0.0,0.0,0.0,0.0,0.0,0.0,0.0,0.0,0.0,0.0,0.0,0.0,0.0,0.0,0.0,0.0,0.0,0.0,0.0,0.0,0.0,0.0,-0.0143013257959889,0.0,0.0,0.0,0.0,0.0,0.0,0.0,0.0,0.0,0.0,0.0,0.0,0.0,0.0,0.0,0.0,0.0,0.0,0.0,0.0,0.0,-0.2660945094989011,0.0,0.0,0.0,0.0,0.0,0.0,0.0,0.0,0.0,0.0,0.0,-0.0928391685910845,0.0,0.0,0.0,0.0,0.0,0.0,0.0,0.0,0.0,0.0,0.0,0.0,0.0,0.0,0.0,-0.1911820222358896,0.0,0.0,0.0,0.0,0.0,0.0,0.0,0.0,0.0,0.0,0.0,0.0,0.0,0.0,0.0,0.0,0.0,0.0,0.0,0.0,0.0,-0.2589267767566038,0.0,0.0,0.0,0.0,0.0,0.0,0.0,0.0,0.0,0.0,0.0,0.0,0.0,0.0,0.0,0.0,0.0,0.0,-0.0325532552801747,0.0,0.0,0.0,0.0,-0.1532168863304931,0.0,0.0,0.0,-0.1706026071427134,0.0,0.0,0.2788023127588804,-0.1376326411568303,-0.1037483357151691,0.0,0.0,0.0,4.563416957855225
17,0.0,0.0,0.0,-0.1614391840703385,0.0,0.0,0.0,-0.1950982679018502,0.0,0.0,0.0,0.0,-0.4284630714483202,0.0,0.0,0.0,0.0,0.0,0.0,0.0,0.0,0.0,0.0,0.0,0.0,0.0,0.0,0.0,-0.1909763169094032,0.0,0.0,0.0,0.0,0.0,0.0,0.0,0.0,0.0,0.0,0.0,0.0,0.0,0.0,0.0,0.0,0.0,0.0,0.0,0.0,0.0,-0.2810538366203954,0.0,0.0,0.0,0.0,0.0,0.0,0.0,0.0,0.0,0.0,0.0,0.0,0.0,0.0,0.0,0.0,0.0,-0.3334686043891207,0.0,0.0,0.0,0.0,0.0,0.0,0.0,0.0,0.0,0.0,0.0,0.0,0.0,0.0,0.0,0.0,0.0,0.0,0.0,0.0,0.0,0.0,0.0,0.0,0.0,0.0,0.0,-0.1331622666770783,0.0,0.0,0.0,0.0,0.0,0.0,0.0,0.0,0.0,0.0,0.0,0.0,0.0,0.0,0.0,0.0,0.0,0.0,0.0,0.0,0.0,-0.207286736490153,0.0,0.0,0.0,0.0,0.0,0.0,0.0,0.0,0.0,0.0,0.0,-0.0085454395984756,0.0,0.0,-0.3083647387783728,0.0,0.0,0.0,0.0,-0.265220440479144,0.0,0.0,-0.135020399882892,0.0,0.0,0.0,0.0,4.563416957855225
18,0.0,0.0,0.0,0.0,-0.1314333821748118,0.0,0.0,-0.201011269171464,0.0,0.0,0.0,0.0,-0.4308719908327516,0.0,0.0,0.0,0.0,0.0,0.0,0.0,0.0,0.0,0.0,0.0,0.0,0.0,0.0,0.0,-0.2185392939637797,0.0,0.0,0.0,0.0,0.0,0.0,0.0,0.0,0.0,0.0,0.0,0.0,0.0,0.0,0.0,0.0,0.0,0.0,0.0,0.0,0.0,-0.298982772489717,0.0,0.0,0.0,0.0,0.0,0.0,0.0,0.0,0.0,0.0,0.0,0.0,0.0,0.0,0.0,0.0,0.0,-0.3318230200714184,0.0,0.0,0.0,0.0,0.0,0.0,0.0,0.0,0.0,0.0,0.0,0.0,0.0,0.0,0.0,0.0,0.0,0.0,0.0,0.0,0.0,0.0,0.0,0.0,0.0,0.0,0.0,-0.1450030631289451,0.0,0.0,0.0,0.0,0.0,0.0,0.0,0.0,0.0,0.0,0.0,0.0,0.0,0.0,0.0,0.0,0.0,0.0,0.0,0.0,0.0,-0.2045629845401405,0.0,0.0,0.0,0.0,0.0,0.0,0.0,0.0,0.0,0.0,0.0,-0.0186540877412264,0.0,0.0,-0.3424960161682387,0.0,0.0,0.0,0.0,-0.2874179543044313,0.0,0.0598981417901256,-0.1367572764156999,0.0536819956063858,0.0,-0.0223245909004172,0.0,4.563416957855225
19,0.0,0.0,0.0,-0.1550950665907047,0.0,0.0,0.0,-0.190621885779826,0.0,0.0,0.0,0.0,-0.438800132167239,0.0,0.0,0.0,0.0,0.0,0.0,0.0,0.0,0.0,0.0,0.0,0.0,0.0,0.0,0.0,-0.1852345373565395,0.0,0.0,0.0,0.0,0.0,0.0,0.0,0.0,0.0,0.0,0.0,0.0,0.0,0.0,0.0,0.0,0.0,0.0,0.0,0.0,0.0,-0.2872921940355479,0.0,0.0,0.0,0.0,0.0,0.0,0.0,0.0,0.0,0.0,0.0,0.0,0.0,0.0,0.0,0.0,0.0,-0.3244571986889026,0.0,0.0,0.0,0.0,0.0,0.0,0.0,0.0,0.0,0.0,0.0,0.0,0.0,0.0,0.0,0.0,0.0,0.0,0.0,0.0,0.0,0.0,0.0,0.0,0.0,0.0,0.0,-0.1182539945454619,0.0,0.0,0.0,0.0,0.0,0.0,0.0,0.0,0.0,0.0,0.0,0.0,0.0,0.0,0.0,0.0,0.0,0.0,0.0,0.0,0.0,-0.2028815480708731,0.0,0.0,0.0,0.0,0.0,0.0,0.0,0.0,0.0,0.0,0.0,0.0,0.0,0.0,-0.3150399195347344,0.0,0.0,0.0,0.0,-0.2763272623143122,0.0,0.0,-0.1388771853105481,0.0,0.0,-0.0152183788508541,0.0,4.563416957855225
20,0.0590624844331091,0.0,0.0,0.0,-0.1116416083782623,0.0,-0.2472190168695354,0.0,0.0,0.0,0.0,0.0,-0.3133029016582962,0.0,0.0,0.0,0.0,0.0,0.0,0.0,0.0,0.0,0.0,0.0,0.0,0.0,0.0,0.0,0.027670014638208,0.0,0.0,0.0,0.0,0.0,0.0,0.0,0.0,0.0,0.0,0.0,0.0,0.0,0.0,0.0,0.0,0.0,0.0,0.0,0.0,0.0,-0.1143749175511668,0.0,0.0,0.0,0.0,0.0,0.0,0.0,0.0,0.0,0.0,0.0,0.0,0.0,0.0,0.0,0.0,0.0,0.0,0.0,-0.1832380621432797,0.0,0.0,0.0,0.0,0.0,0.0,0.0,0.0,0.0,0.0,0.0,0.0,0.0,0.0,0.0,0.0,0.0,0.0,0.0,0.0,0.0,0.0,0.0,-0.3689502153871429,0.0,0.0,0.0,0.0,0.0,0.0,0.0,0.0,0.0,0.0,0.0,0.0,0.0,0.0,-0.2435394950156073,0.0,0.0,0.0,0.0,0.0,0.0,0.0,0.0,0.0,0.0,0.0,0.0,0.0,0.0,0.0,0.0,0.0,0.0,-0.1109762352540726,0.0,0.0,-0.2922114167040561,0.0,0.0,0.0,0.0,-0.0174500711751364,0.0,0.0,0.0,0.292961249338554,0.0,0.0,0.0,0.0,0.0,4.563416957855225
21,0.04427154513926,0.0,0.0,-0.1382217585121309,0.0,0.0,-0.2347407368469396,0.0,0.0,0.0,0.0,0.0,-0.2962881524444707,0.0,0.0,0.0,0.0,0.0,0.0,0.0,0.0,0.0,0.0,0.0,0.0,0.0,0.0,0.0,-0.0193951495953681,0.0,0.0,0.0,0.0,0.0,0.0,0.0,0.0,0.0,0.0,0.0,0.0,0.0,0.0,0.0,0.0,0.0,0.0,0.0,0.0,0.0,-0.173718942591905,0.0,0.0,0.0,0.0,0.0,0.0,0.0,0.0,0.0,0.0,0.0,0.0,0.0,0.0,0.0,0.0,0.0,0.0,0.0,-0.155849423486214,0.0,0.0,0.0,0.0,0.0,0.0,0.0,0.0,0.0,0.0,0.0,0.0,0.0,0.0,0.0,0.0,0.0,0.0,0.0,0.0,0.0,0.0,0.0,0.0,0.0,0.0,0.0,0.0,0.0,-0.1102672191578268,0.0,0.0,0.0,0.0,0.0,0.0,0.0,0.0,-0.1330180931665741,0.0,0.0,0.0,0.0,0.0,0.0,0.0,0.0,0.0,0.0,0.0,0.0,0.0,0.0,0.0,0.0,0.0,-0.290743005202335,0.0,0.0,0.0,-0.2879291796540166,0.0,0.0,0.0,0.0,0.0068597260048894,0.0,0.0,0.0,0.0947421221491295,0.0,0.0,0.0,0.0,0.0,4.563416957855225
22,0.0229526708930374,0.0,0.0,-0.1377992459004672,0.0,0.0,-0.2607327297592838,0.0,0.0,0.0,0.0,0.0,-0.3642559401917209,0.0,0.0,0.0,0.0,0.0,0.0,0.0,0.0,0.0,0.0,0.0,0.0,0.0,0.0,0.0,0.0,0.0,0.0,0.0,0.024438607799202,0.0,0.0,0.0,0.0,0.0,0.0,0.0,0.0,0.0,0.0,0.0,0.0,0.0,0.0,0.0,0.0,0.0,0.0,0.0,0.0,0.0,0.0,0.0,0.0,0.0,0.0,0.0,0.0,0.0,0.0,0.0,0.0,0.0,0.0,0.0,-0.1336505331979293,0.0,0.0,0.0,0.0,0.0,0.0,0.0,0.0,0.0,0.0,0.0,0.0,0.0,0.0,0.0,0.0,0.0,0.0,-0.3473121226790834,0.0,0.0,0.0,0.0,0.0,0.0,0.0,0.0,0.0,0.0,0.0,0.0,0.0,0.0,0.0,0.0,0.0,0.0,0.0,0.0,0.0,-0.2052686141069885,0.0,0.0,0.0,0.0,0.0,0.0,0.0,0.0,0.0,0.0,0.0,0.0,0.0,0.0,0.0,0.0,0.0,0.0,0.0,0.0399838511192798,0.0,-0.1740048707734517,0.0,0.0,0.0,0.0496145235233502,0.0,0.0,0.0,0.0,0.0,-0.1503533795931793,0.0,0.0,0.0,0.0555989320829328,4.563416957855225
23,-0.0044917599145162,0.0,0.0,-0.109248706074839,0.0,0.0,-0.162739821834181,0.0,0.0,0.0,0.0,0.0,-0.2826748662870374,0.0,0.0,0.0,0.0,0.0,0.0,0.0,0.0,0.0,0.0,0.0,0.0,0.0,0.0,0.0,-0.0289677294120396,0.0,0.0,0.0,0.0,0.0,0.0,0.0,0.0,0.0,0.0,0.0,0.0,0.0,0.0,0.0,0.0,0.0,0.0,0.0,0.0,0.0,-0.171503535732744,0.0,0.0,0.0,0.0,0.0,0.0,0.0,0.0,0.0,0.0,0.0,0.0,0.0,0.0,0.0,0.0,0.0,0.0,0.0,0.0,-0.1840184326042282,0.0,0.0,0.0,0.0,0.0,0.0,0.0,0.0,0.0,0.0,0.0,0.0,0.0,0.0,0.0,0.0,0.0,0.0,0.0,-0.0860809682380563,0.0,0.0,0.0,0.0,0.0,0.0,0.0,0.0,0.0,0.0,0.0,0.0,0.0,0.0,0.0,0.0,0.0,-0.049034810927923,0.0,0.0,0.0,0.0,0.0,0.0,0.0,0.0,0.0,0.0,0.0,0.0,0.0,0.0,0.0,0.0,0.0,-0.2546863029177012,0.0,0.0,0.0,-0.1932344168477364,0.0,0.0,0.0,0.0,-0.001927368043069,0.0,0.0,0.0,0.1548206004716448,0.0,0.0,0.0,0.0,0.0,4.563416957855225
24,0.0500289637346635,0.0,0.0,0.0,-0.1149577152080816,0.0,-0.2508519878244096,0.0,0.0,0.0,0.0,0.0,-0.3057442668260781,0.0,0.0,0.0,0.0,0.0,0.0,0.0,0.0,0.0,0.0,0.0,0.0,0.0,0.0,0.0,0.0228378541975187,0.0,0.0,0.0,0.0,0.0,0.0,0.0,0.0,0.0,0.0,0.0,0.0,0.0,0.0,0.0,0.0,0.0,0.0,0.0,0.0,0.0,-0.106061943806629,0.0,0.0,0.0,0.0,0.0,0.0,0.0,0.0,0.0,0.0,0.0,0.0,0.0,0.0,0.0,0.0,0.0,0.0,0.0,-0.1861623012295579,0.0,0.0,0.0,0.0,0.0,0.0,0.0,0.0,0.0,0.0,0.0,0.0,0.0,0.0,0.0,0.0,0.0,0.0,0.0,0.0,0.0,0.0,0.0,-0.3688091742574024,0.0,0.0,0.0,0.0,0.0,0.0,0.0,0.0,0.0,0.0,0.0,0.0,0.0,0.0,-0.2426801152984112,0.0,0.0,0.0,0.0,0.0,0.0,0.0,0.0,0.0,0.0,0.0,0.0,0.0,0.0,0.0,0.0,0.0,0.0,-0.1112492396376878,0.0,0.0,-0.2850535757921357,0.0,0.0,0.0,0.0,-0.0115790124660448,0.0,0.0,0.0,0.2870723226875715,0.0,0.0,0.0,0.0,0.0,4.563416957855225
25,0.0054372110236084,0.0,0.0,-0.1114902771482565,0.0,0.0,-0.1651768565952004,0.0,0.0,0.0,-0.0181363222918988,0.0,0.0,0.0,0.0,0.0,0.0,0.0,0.0,0.0,0.0,0.0,0.0,0.0,0.0,0.0,0.0,0.0,0.0381670185669846,0.0,0.0,0.0,0.0,0.0,0.0,0.0,0.0,0.0,0.0,0.0,0.0,0.0,0.0,0.0,0.0,0.0,0.0,0.0,0.0,0.0,0.0,0.0,0.0,0.0,0.0,0.0,0.0,0.0,0.0,0.0,0.0140828278501656,0.0,0.0,0.0,0.0,0.0,0.0,0.0,0.0,0.0,0.0,-0.1862989106649618,0.0,0.0,0.0,0.0,0.0,0.0,0.0,0.0,0.0,0.0,0.0,0.0,0.0,0.0,0.0,0.0,0.0,0.0,0.0,0.0,0.0,0.0,0.0,0.0,0.0,0.0,0.0,0.0,0.0,0.0,0.0,0.0,0.0,0.0,0.0,0.0,0.0,0.0,0.0,0.0,0.0,0.0,0.0,0.0,0.0,0.0,0.0,0.0,0.0,0.0,0.0,0.0,0.0,-0.0308496762663772,0.0,0.0,-0.0694077577683826,0.0,0.0,-0.2257131793024214,0.0,0.0,0.0,0.142763941929626,0.0,0.0,0.0,0.0,0.0,0.0,0.0,0.0,0.0,0.0,4.563416957855225
26,-0.0178209594198932,0.0,0.0,-0.1012299868394197,0.0,0.0,-0.2026062804875766,0.0,0.0,0.0,0.0,0.0,-0.1785456574843731,0.0,0.0,0.0,0.0,0.0,0.0,0.0,0.0,0.0,0.0,0.0,0.0,0.0,0.0,0.0,-0.0369644321224473,0.0,0.0,0.0,0.0,0.0,0.0,0.0,0.0,0.0,0.0,0.0,0.0,0.0,0.0,0.0,0.0,0.0,0.0,0.0,0.0,0.0,-0.1906614865396301,0.0,0.0,0.0,0.0,0.0,0.0,0.0,0.0,0.0,0.0,0.0,0.0,0.0,0.0,0.0,0.0,0.0,0.0,0.0,0.0,-0.2809112400829865,0.0,0.0,0.0,0.0,0.0,0.0,0.0,0.0,0.0,0.0,0.0,0.0,0.0,0.0,0.0,0.0,0.0,0.0,0.0,0.0,0.0,0.0,0.0,0.0,0.0,0.0,0.0,0.0,0.0,0.0,0.0,0.0,0.0,-0.0874841181465679,0.0,0.0,0.0,-0.0264119219246076,0.0,0.0,0.0,0.0,0.0,0.0,0.0,0.0,0.0,0.0,0.0,0.0,0.0,0.0,0.0,0.0,0.0,0.0,-0.0181671736266211,0.0,0.0,-0.2307797132591821,0.0,0.0,0.0,0.0,-0.0335431669617165,0.0,0.0,0.0,0.2211213532646512,0.0,0.0,0.0,0.0,0.0,4.563416957855225
27,0.0804729197575382,0.0,0.0,-0.155247302367977,0.0,0.0,-0.2262044118281105,0.0,0.0,0.0,0.0,0.0,-0.2371613932744757,0.0,0.0,0.0,0.0,0.0,0.0,0.0,0.0,0.0,0.0,0.0,0.0,0.0,0.0,0.0,-0.1942131714016617,0.0,0.0,0.0,0.0,0.0,0.0,0.0,0.0,0.0,0.0,0.0,0.0,0.0,0.0,0.0,0.0,0.0,0.0,0.0,0.0,0.0,-0.2262834074155162,0.0,0.0,0.0,0.0,0.0,0.0,0.0,0.0,0.0,0.0,0.0,0.0,0.0,0.0,0.0,0.0,0.0,0.0,0.0,-0.1496182056180733,0.0,0.0,0.0,0.0,0.0,0.0,0.0,0.0,0.0,0.0,0.0,0.0,0.0,0.0,0.0,0.0,0.0,0.0,0.0,0.0,0.0,0.0,0.0,0.0,0.0,-0.1531956350148194,0.0,0.0,0.0,0.0,0.0,0.0,0.0,0.0,0.0,0.0,0.0,0.0,-0.0807529509039985,0.0,0.0,0.0,0.0,0.0,0.0,0.0,0.0,0.0,0.0,0.0,0.0,0.0,0.0,0.0,0.0,0.0,-0.2637512093550962,0.0,0.0,0.0,-0.2564047523617181,0.0,0.0,0.0,0.0,-0.0365401238754613,0.0,0.0,0.0,0.0952678611276316,0.0,0.0,0.0,0.0,0.0,4.563416957855225
28,0.0351205968846209,0.0,0.0,-0.1191085965975289,0.0,0.0,-0.2244157408867813,0.0,0.0,0.0,0.0,0.0,-0.2934270251961747,0.0,0.0,0.0,0.0,0.0,0.0,0.0,0.0,0.0,0.0,0.0,0.0,0.0,0.0,0.0,0.0278334105374089,0.0,0.0,0.0,0.0,0.0,0.0,0.0,0.0,0.0,0.0,0.0,0.0,0.0,0.0,0.0,0.0,0.0,0.0,0.0,0.0,0.0,-0.1234284298156609,0.0,0.0,0.0,0.0,0.0,0.0,0.0,0.0,0.0,0.0,0.0,0.0,0.0,0.0,0.0,0.0,0.0,0.0,0.0,0.0,-0.2420179624470462,0.0,0.0,0.0,0.0,0.0,0.0,0.0,0.0,0.0,0.0,0.0,0.0,0.0,0.0,0.0,0.0,0.0,0.0,0.0,0.0,0.0,0.0,0.0,0.0,0.0,0.0,0.0,0.0699894465632167,0.0,0.0,0.0,0.0,0.0,0.0,0.0,0.0,0.0,-0.0651312632460086,0.0,0.0,0.0,0.0,0.0,0.0,0.0,0.0,0.0,0.0,0.0,0.0,0.0,0.0,0.0,0.0,0.0,0.0,0.0,0.0278856655736923,0.0,-0.2171104267086154,0.0,0.0,0.0,0.0,-0.0734287315749901,0.0,0.0,0.0,0.1647235310959962,0.0,0.0,0.0,0.0,0.0,4.563416957855225
29,0.0419953644086348,0.0,-0.155843535220421,0.0,0.0,0.0,-0.3270768894791145,0.0,0.0,0.0,0.0,0.0,-0.3426673291694397,0.0,0.0,0.0,0.0,0.0,0.0,0.0,0.0,0.0,0.0,0.0,0.0,0.0,0.0,0.0,0.0,0.0,0.0,0.0,0.0,0.0,0.0,0.0,0.0,0.0,0.0,0.0,0.0,0.0,0.2924373857071648,0.0,0.0,0.0,0.0,0.0,0.0,0.0,0.0,0.0,0.0,0.0,0.0,0.0,0.0,0.0,0.0,0.0,0.0,0.0,0.0,0.0,0.0,0.0,0.0,0.0,-0.2286159514219161,0.0,0.0,0.0,0.0,0.0,0.0,0.0,0.0,0.0,0.0,0.0,0.0,0.0,0.0,0.0,0.0,0.0,0.0,-0.3532062025276811,0.0,0.0,0.0,0.0,0.0,0.0,0.0,0.0,0.0,0.0,0.0,0.0,0.0,0.0,0.0,0.0,0.0,0.0,0.0,0.0,0.0,-0.2640604610211466,0.0,0.0,0.0,0.0,0.0,0.0,0.0,0.0,0.0,0.0,0.0,0.0,0.0,0.0,0.0,0.0,0.0,0.0,-0.2256793746324272,0.0,0.0,-0.257727080624878,0.0,0.0,0.0,0.0458993182806053,0.0,0.0,0.0,0.0,0.0,-0.121427579700286,0.0,0.0,0.0,0.1261697650578881,4.563416957855225
30,0.0741492037055387,0.0,0.0,-0.1519199042211833,0.0,0.0,-0.2555725250878033,0.0,0.0,0.0,0.0,0.0,-0.3218835522186818,0.0,0.0,0.0,0.0,0.0,0.0,0.0,0.0,0.0,0.0,0.0,0.0,0.0,0.0,0.0,0.0,0.0,0.0,0.0,0.0,0.0,0.0,0.0,0.0,0.0,0.0,0.0,0.0,0.0,0.0,0.0,0.3258789915206248,0.0,0.0,0.0,0.0,0.0,-0.1370748629749832,0.0,0.0,0.0,0.0,0.0,0.0,0.0,0.0,0.0,0.0,0.0,0.0,0.0,0.0,0.0,0.0,0.0,-0.2847638432832937,0.0,0.0,0.0,0.0,0.0,0.0,0.0,0.0,0.0,0.0,0.0,0.0,0.0,0.0,0.0,0.0,0.0,0.0,-0.1906950349335404,0.0,0.0,0.0,0.0,0.0,0.0,0.0,0.0,0.0,0.0,0.0,0.0,0.0,0.0,0.0,0.0,0.0,0.0,0.0,0.0,0.0,-0.0714179158732515,0.0,0.0,0.0,0.0,0.0,0.0,0.0,0.0,0.0,0.0,0.0,0.0,0.0,0.0,0.0,0.0,0.0,0.0,0.0,0.0383401378403866,0.0,-0.2009641816575074,0.0,0.0,0.0,-0.0009909623463321,0.0,0.0,0.0,0.0,0.0,-0.0902530275416611,0.0,0.0,0.0,0.1750260872248865,4.563416957855225
31,0.0584153766447975,0.0,-0.1365811071159341,0.0,0.0,0.0,-0.2892648045134213,0.0,0.0,0.0,0.0,0.0,-0.3340129941489785,0.0,0.0,0.0,0.1097423671804492,0.0,0.0,0.0,0.0,0.0,0.0,0.0,0.0,0.0,0.0,0.0,0.0,0.0,0.0,0.0,0.0,0.0,0.0,0.0,0.0,0.0,0.0,0.0,0.0,0.0,0.0,0.0,0.0,0.0,0.0,0.0,0.0,0.0,-0.0161176367178025,0.0,0.0,0.0,0.0,0.0,0.0,0.0,0.0,0.0,0.0,0.0,0.0,0.0,0.0,0.0,0.0,0.0,-0.2184411555407135,0.0,0.0,0.0,0.0,0.0,0.0,0.0,0.0,0.0,0.0,0.0,0.0,0.0,0.0,0.0,0.0,0.0,0.0,-0.1815209773718898,0.0,0.0,0.0,0.0,0.0,0.0,0.0,0.0,0.0,0.0,0.0,0.0,0.0,0.0,0.0,0.0,0.0,0.0,0.0,0.0,0.0,-0.2503960779705936,0.0,0.0,0.0,0.0,0.0,0.0,0.0,0.0,0.0,0.0,0.0,0.0,0.0,0.0,0.0,0.0,0.0,0.0,-0.2406756321328963,0.0,0.0,-0.3404336494127813,0.0,0.0,0.0,-0.0414405114490227,0.0,0.0,0.0,0.0,0.0,-0.1743961989285841,0.0,0.0,0.0,0.0786954463931426,4.563416957855225
32,0.0338984011258043,0.0,0.0,-0.1152350721157944,0.0,0.0,-0.2211358461673394,0.0,0.0,0.0,0.0,0.0,-0.2279714606147549,0.0,0.0,0.0,0.0,0.0,0.0,0.0,0.0,0.0,0.0,0.0,0.0,0.0,0.0,0.0,-0.3703243388145611,0.0,0.0,0.0,0.0,0.0,0.0,0.0,0.0,0.0,0.0,0.0,0.0,0.0,0.0,0.0,0.0,0.0,0.0,0.0,0.0,0.0,-0.1837965506288073,0.0,0.0,0.0,0.0,0.0,0.0,0.0,0.0,0.0,0.0,0.0,0.0,0.0,0.0,0.0,0.0,0.0,0.0,0.0,-0.096312798238012,0.0,0.0,0.0,0.0,0.0,0.0,0.0,0.0,0.0,0.0,0.0,0.0,0.0,0.0,0.0,0.0,0.0,0.0,0.0,0.0,0.0,0.0,0.0,0.0,0.0,0.0,0.0,0.0,0.0,0.0,0.0,0.0,0.0,0.0,0.0,0.0237190074662529,0.0,-0.2023014965909013,0.0,0.0,0.0,0.0,0.0,0.0,0.0,0.0,0.0,0.0,0.0,0.0,0.0,0.0,0.0,0.0,0.0,0.0,-0.2201462714043103,0.0,0.0,0.0,-0.2686046476461454,0.0,0.0,0.0,0.0,0.0572770139422231,0.0,0.0,0.0,0.0622586942383478,0.0,0.0,0.0,0.0,0.0,4.563416957855225
33,0.0635676899341619,0.0,0.0,0.0,-0.0936345338133336,0.0,-0.1964787990585894,0.0,0.0,0.0,-0.0006874582382164,0.0,0.0,0.0,0.0,0.0,0.0,0.0,0.0,0.0,0.0,0.0,0.0,0.0,0.0,0.0,0.0,0.0,0.0198497490965445,0.0,0.0,0.0,0.0,0.0,0.0,0.0,0.0,0.0,0.0,0.0,0.0,0.0,0.0,0.0,0.0,0.0,0.0,0.0,0.0,0.0,0.0,0.0,0.0,0.0,0.0,0.0,0.0,0.0,0.0,0.0,-0.026805638157444,0.0,0.0,0.0,0.0,0.0,0.0,0.0,0.0,0.0,-0.0594502076528117,0.0,0.0,0.0,0.0,0.0,0.0,0.0,0.0,0.0,0.0,0.0,0.0,0.0,0.0,0.0,0.0,0.0,0.0,0.0,0.0,0.0,0.0,0.0,0.0,0.0,0.0,0.0,0.0,0.0,0.0,0.0,0.0,0.0,0.0,0.0,0.0,0.0,0.0,0.0,0.0,0.0,0.0,0.0,0.0,0.0,0.0,0.0,0.0,0.0,0.0,0.0,0.0,0.0,0.0,-0.066804925342659,0.0,-0.1147151249999777,0.0,0.0,0.0,-0.1666556250739404,0.0,0.0,0.0,0.1044351316375648,0.0,0.0,0.0,0.0,0.0,0.0,0.0,0.0,0.0,0.0,4.563416957855225
34,0.0,0.0,0.0,-0.138365052777163,0.0,0.0,-0.2426272789250965,0.0,0.0,0.0,0.0,0.0,-0.382079791359164,0.0,0.0,0.0,0.0,0.0,0.0,0.0,0.0,0.0,0.0,0.0,0.0,0.0,0.0,0.0,0.0,0.0,0.0,0.0,0.0,0.0,0.0,0.0,0.0,0.0,0.0,0.0,0.0,0.0,0.0,0.0,0.0,0.0,0.0,0.0,0.0,0.0,0.0,0.0,0.0,0.0,0.0,0.0,0.0,0.0,0.0,0.0,0.0,-0.1998472659490912,0.0,0.0,0.0,0.0,0.0,0.0,-0.1914667444621318,0.0,0.0,0.0,0.0,0.0,0.0,0.0,0.0,0.0,0.0,0.0,0.0,0.0,0.0,0.0,0.0,0.0,0.0,-0.3614604436527671,0.0,0.0,0.0,0.0,0.0,0.0,0.0,0.0,0.0,0.0,0.0,0.0,0.0,0.0,0.0,0.0,0.0,0.0,0.0,0.0,0.0,-0.2849007183480575,0.0,0.0,0.0,0.0,0.0,0.0,0.0,0.0,0.0,0.0,0.0,0.0,0.0,0.0,0.0,0.0,0.0,0.0,-0.2333952837151048,0.0,0.0,-0.1977278975430199,0.0,0.0,0.0,-0.0252987602694396,0.0,0.0,0.0,0.0,0.0,-0.1640131363122479,0.0,0.0,0.0,-0.0110743252951146,4.563416957855225
35,0.0483757354857966,-0.3687818207434646,0.0,0.0,0.0,0.0,-0.309821484754076,0.0,0.0,0.0,0.0,0.0,-0.3690499284918029,0.0,0.0,0.0,0.0,0.0,0.0,0.0,0.0,0.0,0.0,0.0,0.0,0.0,0.0,0.0,-0.18609988793942,0.0,0.0,0.0,0.0,0.0,0.0,0.0,0.0,0.0,0.0,0.0,0.0,0.0,0.0,0.0,0.0,0.0,0.0,0.0,0.0,0.0,-0.2285916615001421,0.0,0.0,0.0,0.0,0.0,0.0,0.0,0.0,0.0,0.0,0.0,0.0,0.0,0.0,0.0,0.0,0.0,-0.3842914051165862,0.0,0.0,0.0,0.0,0.0,0.0,0.0,0.0,0.0,0.0,0.0,0.0,0.0,0.0,0.0,0.0,0.0,0.0,0.0,0.0,0.0,0.0,0.0,0.0,0.0,0.0,0.0,0.0,0.0,0.0,0.0,0.0,0.0,0.0,0.0,0.0,0.0,0.0,0.0,0.0,-0.028898089708095,0.0,0.0,0.0,0.0,0.0,0.0,0.0,0.0,0.0,0.0,0.0,0.0,0.0,0.0,0.0,0.0,0.0,-0.2853498179444709,0.0,0.0,0.0,-0.3361780521124653,0.0,0.0,0.0,0.0,-0.0487353573828275,0.0,0.0,0.0,0.1142280388995704,0.0,0.0,0.0,0.0,0.0,4.563416957855225
36,0.0548391451607882,0.0,0.0,-0.1675941216892711,0.0,0.0,-0.2267000023646546,0.0,0.0,0.0,0.0,0.0,-0.2966317282279211,0.0,0.0,0.0,0.0,0.0,0.0,0.0,0.0,0.0,0.0,0.0,0.0,0.0,0.0,0.0,-0.1304772667948047,0.0,0.0,0.0,0.0,0.0,0.0,0.0,0.0,0.0,0.0,0.0,0.0,0.0,0.0,0.0,0.0,0.0,0.0,0.0,0.0,0.0,-0.2127354561321417,0.0,0.0,0.0,0.0,0.0,0.0,0.0,0.0,0.0,0.0,0.0,0.0,0.0,0.0,0.0,0.0,0.0,0.0,0.0,-0.2157586617001499,0.0,0.0,0.0,-0.0791997798926325,0.0,0.0,0.0,0.0,0.0,0.0,0.0,0.0,0.0,0.0,0.0,0.0,0.0,0.0,0.0,0.0,0.0,0.0,0.0,0.0,0.0,0.0,0.0,0.0,0.0,0.0,0.0,0.0,0.0,0.0,0.0,0.0,0.0,0.0,-0.1337816533295075,0.0,0.0,0.0,0.0,0.0,0.0,0.0,0.0,0.0,0.0,0.0,0.0,0.0,0.0,0.0,0.0,0.0,-0.2935666921066087,0.0,0.0,0.0,-0.2952765957208046,0.0,0.0,0.0,0.0,-0.0288281498105935,0.0,0.0,0.0,0.0714963897018079,0.0,0.0,0.0,0.0,0.0,4.563416957855225
37,0.017301807708578,0.0,0.0,-0.1087092536936372,0.0,0.0,-0.2243304401323667,0.0,0.0,0.0,0.0,0.0,-0.2603532273356813,0.0,0.0,0.0,0.0,0.0,0.0,0.0,0.0,0.0,0.0,0.0,0.0,0.0,0.0,0.0,0.084060865176173,0.0,0.0,0.0,0.0,0.0,0.0,0.0,0.0,0.0,0.0,0.0,0.0,0.0,0.0,0.0,0.0,0.0,0.0,0.0,0.0,0.0,-0.085420846839244,0.0,0.0,0.0,0.0,0.0,0.0,0.0,0.0,0.0,0.0,0.0,0.0,0.0,0.0,0.0,0.0,0.0,0.0,0.0,0.0,-0.2228921769256548,0.0,0.0,0.0,0.0,0.0,0.0,0.0,0.0,0.0,0.0,0.0,0.0,0.0,0.0,0.0,0.0,0.0,0.0,0.0,0.0,0.0,0.0,-0.184541210769454,0.0,0.0,0.0,0.0,0.0,0.0,0.0,0.0,0.0,0.0,0.0,0.0,0.0,0.0,-0.1318231456717147,0.0,0.0,0.0,0.0,0.0,0.0,0.0,0.0,0.0,0.0,0.0,0.0,0.0,0.0,0.0,0.0,0.0,0.0,-0.0065837391703245,0.0,0.0,-0.2511568444422249,0.0,0.0,0.0,0.0,-0.0474918560685626,0.0,0.0,0.0,0.2890987195160428,0.0,0.0,0.0,0.0,0.0,4.563416957855225
38,0.0427575627024282,0.0,0.0,0.0,-0.0650767906939129,0.0,-0.1998241625181464,0.0,0.0,0.0,0.0,0.0,-0.2682700041866418,0.0,0.0,0.0,0.0,0.0,0.0,0.0,0.0,0.0,0.0,0.0,0.0,0.0,0.0,0.0,-0.0437787833073662,0.0,0.0,0.0,0.0,0.0,0.0,0.0,0.0,0.0,0.0,0.0,0.0,0.0,0.0,0.0,0.0,0.0,0.0,0.0,0.0,0.0,-0.1242196736127376,0.0,0.0,0.0,0.0,0.0,0.0,0.0,0.0,0.0,0.0,0.0,0.0,0.0,0.0,0.0,0.0,0.0,0.0,0.0,-0.0727301708652702,0.0,0.0,0.0,0.0,0.0,0.0,0.0,0.0,0.0,0.0,0.0,0.0,0.0,0.0,0.0,0.0,0.0,0.0,0.0,0.0,0.0,0.0,0.0,0.0,0.0,0.0,0.0977061630356316,0.0,0.0,0.0,0.0,0.0,0.0,0.0,0.0,0.0,0.0,-0.13602291179184,0.0,0.0,0.0,0.0,0.0,0.0,0.0,0.0,0.0,0.0,0.0,0.0,0.0,0.0,0.0,0.0,0.0,0.0,0.0,0.0070095210286714,0.0,0.0,-0.2595761583149699,0.0,0.0,0.0,0.0,0.0592107111592116,0.0,0.0,0.0,0.2574590531388679,0.0,0.0,0.0,0.0,0.0,4.563416957855225
39,0.0434291260080919,0.0,0.0,0.0,-0.1508281738054284,0.0,-0.3050792568160541,0.0,0.0,0.0,0.0,0.0,-0.2492057144224824,0.0,0.0,0.0,0.0,0.0,0.0,0.0,0.0,0.0,0.0,0.0,0.0,0.0,0.0,0.0,-0.2085235018552045,0.0,0.0,0.0,0.0,0.0,0.0,0.0,0.0,0.0,0.0,0.0,0.0,0.0,0.0,0.0,0.0,0.0,0.0,0.0,0.0,0.0,-0.218097634159966,0.0,0.0,0.0,0.0,0.0,0.0,0.0,0.0,0.0,0.0,0.0,0.0,0.0,0.0,0.0,0.0,0.0,-0.3830995195353786,0.0,0.0,0.0,0.0,0.0,0.0,0.0,0.0,0.0,0.0,0.0,0.0,0.0,0.0,0.0,0.0,0.0,0.0,0.0,0.0,0.0,0.0,0.0,0.0,0.0,0.0,0.0,0.0,0.0,0.0,0.0,0.0,0.0,0.0,0.0,0.0,0.0,-0.0379657556871855,0.0,0.0,-0.0365862710217117,0.0,0.0,0.0,0.0,0.0,0.0,0.0,0.0,0.0,0.0,0.0,0.0,0.0,0.0,0.0,0.0,0.0,-0.2698484956725706,0.0,0.0,0.0,-0.3651918960231604,0.0,0.0,0.0,0.0,-0.0101197662238374,0.0,0.0,0.0,0.111990262764082,0.0,0.0,0.0,0.0,0.0,4.563416957855225
40,0.0525309710447578,0.0,-0.0956152661280197,0.0,0.0,0.0,0.0,0.0,-0.022822427070158,0.0,0.0339964995480549,0.0,0.0,0.0,0.0,0.0,0.0,0.0,0.0,0.0,0.0,0.0,0.0,0.0,0.0,0.0,0.0,0.0,0.1099073403583464,0.0,0.0,0.0,0.0,0.0,0.0,0.0,0.0,0.0,0.0,0.0,0.0,0.0,0.0,0.0,0.0,0.0,0.0,0.0,0.0,0.0,0.0,0.0,0.0,0.0,0.0,0.0,0.0,0.0,0.0,0.0,0.0131896222566629,0.0,0.0,0.0,0.0,0.0,0.0,0.0,0.0,0.0,-0.0708217201552863,0.0,0.0,0.0,0.0,0.0,0.0,0.0,0.0,0.0,0.0,0.0,0.0,0.0,0.0,0.0,0.0,0.0,0.0,0.0,0.0,0.0,0.0,0.0,0.0,0.0,0.0,0.0,0.0,0.0,0.0,0.0,0.0,0.0,0.0,0.0,0.0,0.0,0.0,0.0,0.0,0.0,0.0,0.0,0.0,0.0,0.0,0.0,0.0,0.0,0.0,0.0,0.0,0.0,0.0,-0.0008766487305298,0.0,-0.2045113012732198,0.0,0.0,0.0,0.0,-0.1872296676577261,0.0,0.0,0.0,0.0,-0.201935157777599,0.0,0.0,0.0,0.0,0.0,0.0,0.0,0.0,4.563416957855225
41,0.0795786159637171,0.0,-0.1108323709101219,0.0,0.0,0.0,-0.3033394247508499,0.0,0.0,0.0,-0.0210254932894851,0.0,0.0,0.0,0.0,0.0,0.0,0.0,0.0,0.0,0.0,0.0,0.0,0.0,0.0,0.0,0.0,0.0,0.0,0.0,0.0,0.0,0.0,0.0,0.0,0.0,0.0,0.0,0.0,0.0,0.0,0.0,0.0,0.0,0.0,0.0,0.0,0.0,0.0,0.0,0.0,0.0,0.0,0.0,0.0,0.0,0.0,0.0,0.0,0.0,-0.1101008907885095,0.0,0.0,0.0,0.0,0.0,0.0,0.0,0.0,0.0778100733977208,0.0,0.0,0.0,0.0,0.0,0.0,0.0,0.0,0.0,0.0,0.0,0.0,0.0,0.0,0.0,0.0,0.0,-0.4566407346278222,0.0,0.0,0.0,0.0,0.0,0.0,0.0,0.0,0.0,0.0,0.0,0.0,0.0,0.0,0.0,0.0,0.0,0.0,0.0,0.0,0.0,0.0,0.0,0.0,0.0,0.0,0.0,0.0,0.0,0.0,0.0,0.0,0.0,0.0,0.0053813944991358,0.0,0.0,0.0,0.0,0.0,-0.2971413645221368,0.0,0.0,-0.2382515601437507,0.0,0.0,0.0,0.0,0.0,-0.1752069311224533,0.0,0.0,0.0,0.0,0.0,0.0,0.0,0.0,4.563416957855225
42,0.0889442790122266,0.0,-0.0985376684438608,0.0,0.0,0.0,-0.2446002375511896,0.0,0.0,0.0,0.0005839043193396,0.0,0.0,0.0,0.0,0.0,0.0,0.0,0.0,0.0,0.0,0.0,0.0,0.0,0.0,0.0,0.0,0.0,0.0,0.0,0.0,0.0,0.0,0.0,0.0,0.0,0.0,0.0,0.0,0.0,0.0,0.0,0.0,0.0,0.0,0.0,0.0,0.0,0.0,0.0,0.0,0.0,0.0,0.0,0.0,0.0,0.0,0.0,0.0,0.0,-0.0968904953154305,0.0,0.0,0.0,0.0,0.0,0.0,0.0,0.0,0.0,-0.1434756893014153,0.0,0.0,0.0,0.0,0.0,0.0,0.0,0.0,0.0,0.0,0.0,0.0,0.0,0.0,0.0,0.0,-0.3623159074594109,0.0,0.0,0.0,0.0,0.0,0.0,0.0,0.0,0.0,0.0,0.0,0.0,0.0,0.0,0.0,0.0,0.0,0.0,0.0,0.0,0.0,0.0,0.0,0.0,0.0,0.0,0.0,0.0,0.0,0.0,0.0,0.0,0.0,0.0,0.010790325630279,0.0,0.0,0.0,0.0,0.0,0.0,-0.037731336790419,0.0,-0.2135202664231501,0.0,0.0,0.0,0.0,0.0,-0.1921892447131017,0.0,0.0,0.0,0.0,0.0,0.0,0.0,0.0,4.563416957855225
43,0.0688805444158001,0.0,0.0,-0.1324692039004648,0.0,0.0,-0.1936098259334785,0.0,0.0,0.0,0.0051966340080827,0.0,0.0,0.0,0.0,0.0,0.0,0.0,0.0,0.0,0.0,0.0,0.0,0.0,0.0,0.0,0.0,0.0,0.0353325499686671,0.0,0.0,0.0,0.0,0.0,0.0,0.0,0.0,0.0,0.0,0.0,0.0,0.0,0.0,0.0,0.0,0.0,0.0,0.0,0.0,0.0,0.0,0.0,0.0,0.0,0.0,0.0,0.0,0.0,0.0,0.0,-0.0246634402660408,0.0,0.0,0.0,0.0,0.0,0.0,0.0,0.0,0.0,-0.066495964141807,0.0,0.0,0.0,0.0,0.0,0.0,0.0,0.0,0.0,0.0,0.0,0.0,0.0,0.0,0.0,0.0,0.0,0.0,0.0,0.0,0.0,0.0,0.0,0.0,0.0,0.0,0.0,0.0,0.0,0.0,0.0,0.0,0.0,0.0,0.0,0.0,0.0,0.0,0.0,0.0,0.0,0.0,0.0,0.0,0.0,0.0,0.0,0.0,0.0,0.0,0.0,0.0,0.0,0.0,-0.0573104905445679,0.0,-0.117628429496787,0.0,0.0,0.0,-0.165530185730427,0.0,0.0,0.0,0.1015033971007597,0.0,0.0,0.0,0.0,0.0,0.0,0.0,0.0,0.0,0.0,4.563416957855225
44,0.0688805444158001,0.0,0.0,-0.1324692039004648,0.0,0.0,-0.1936098259334785,0.0,0.0,0.0,0.0051966340080827,0.0,0.0,0.0,0.0,0.0,0.0,0.0,0.0,0.0,0.0,0.0,0.0,0.0,0.0,0.0,0.0,0.0,0.0353325499686671,0.0,0.0,0.0,0.0,0.0,0.0,0.0,0.0,0.0,0.0,0.0,0.0,0.0,0.0,0.0,0.0,0.0,0.0,0.0,0.0,0.0,0.0,0.0,0.0,0.0,0.0,0.0,0.0,0.0,0.0,0.0,-0.0246634402660408,0.0,0.0,0.0,0.0,0.0,0.0,0.0,0.0,0.0,-0.066495964141807,0.0,0.0,0.0,0.0,0.0,0.0,0.0,0.0,0.0,0.0,0.0,0.0,0.0,0.0,0.0,0.0,0.0,0.0,0.0,0.0,0.0,0.0,0.0,0.0,0.0,0.0,0.0,0.0,0.0,0.0,0.0,0.0,0.0,0.0,0.0,0.0,0.0,0.0,0.0,0.0,0.0,0.0,0.0,0.0,0.0,0.0,0.0,0.0,0.0,0.0,0.0,0.0,0.0,0.0,-0.0573104905445679,0.0,-0.117628429496787,0.0,0.0,0.0,-0.165530185730427,0.0,0.0,0.0,0.1015033971007597,0.0,0.0,0.0,0.0,0.0,0.0,0.0,0.0,0.0,0.0,4.563416957855225
45,0.0652087144693426,0.0,0.0,-0.1266600532879216,0.0,0.0,0.0,0.0,-0.0176256868316326,0.0,0.0383292491731879,0.0,0.0,0.0,0.0,0.0,0.0,0.0,0.0,0.0,0.0,0.0,0.0,0.0,0.0,0.0,0.0,0.0,0.0945119277137356,0.0,0.0,0.0,0.0,0.0,0.0,0.0,0.0,0.0,0.0,0.0,0.0,0.0,0.0,0.0,0.0,0.0,0.0,0.0,0.0,0.0,0.0,0.0,0.0,0.0,0.0,0.0,0.0,0.0,0.0,0.0,0.0173639681862204,0.0,0.0,0.0,0.0,0.0,0.0,0.0,0.0,0.0,-0.0736014165317513,0.0,0.0,0.0,0.0,0.0,0.0,0.0,0.0,0.0,0.0,0.0,0.0,0.0,0.0,0.0,0.0,0.0,0.0,0.0,0.0,0.0,0.0,0.0,0.0,0.0,0.0,0.0,0.0,0.0,0.0,0.0,0.0,0.0,0.0,0.0,0.0,0.0,0.0,0.0,0.0,0.0,0.0,0.0,0.0,0.0,0.0,0.0,0.0,0.0,0.0,0.0,0.0,0.0,0.0,0.0128380128573543,0.0,-0.1984199092243658,0.0,0.0,0.0,0.0,-0.1835141435244037,0.0,0.0,0.0,0.0,-0.2013145073753761,0.0,0.0,0.0,0.0,0.0,0.0,0.0,0.0,4.563416957855225
46,0.0688805444158001,0.0,0.0,-0.1324692039004648,0.0,0.0,-0.1936098259334785,0.0,0.0,0.0,0.0051966340080827,0.0,0.0,0.0,0.0,0.0,0.0,0.0,0.0,0.0,0.0,0.0,0.0,0.0,0.0,0.0,0.0,0.0,0.0353325499686671,0.0,0.0,0.0,0.0,0.0,0.0,0.0,0.0,0.0,0.0,0.0,0.0,0.0,0.0,0.0,0.0,0.0,0.0,0.0,0.0,0.0,0.0,0.0,0.0,0.0,0.0,0.0,0.0,0.0,0.0,0.0,-0.0246634402660408,0.0,0.0,0.0,0.0,0.0,0.0,0.0,0.0,0.0,-0.066495964141807,0.0,0.0,0.0,0.0,0.0,0.0,0.0,0.0,0.0,0.0,0.0,0.0,0.0,0.0,0.0,0.0,0.0,0.0,0.0,0.0,0.0,0.0,0.0,0.0,0.0,0.0,0.0,0.0,0.0,0.0,0.0,0.0,0.0,0.0,0.0,0.0,0.0,0.0,0.0,0.0,0.0,0.0,0.0,0.0,0.0,0.0,0.0,0.0,0.0,0.0,0.0,0.0,0.0,0.0,-0.0573104905445679,0.0,-0.117628429496787,0.0,0.0,0.0,-0.165530185730427,0.0,0.0,0.0,0.1015033971007597,0.0,0.0,0.0,0.0,0.0,0.0,0.0,0.0,0.0,0.0,4.563416957855225
47,0.0589577774317386,0.0,-0.0815956464577343,0.0,0.0,0.0,-0.2119173699837821,0.0,0.0,0.0,-0.0370750994029463,0.0,0.0,0.0,0.0,0.0,0.0,0.0,0.0,0.0,0.0,0.0,0.0,0.0,0.0,0.0,0.0,0.0,0.1625116570298853,0.0,0.0,0.0,0.0,0.0,0.0,0.0,0.0,0.0,0.0,0.0,0.0,0.0,0.0,0.0,0.0,0.0,0.0,0.0,0.0,0.0,0.0,0.0,0.0,0.0,0.0,0.0,0.0,0.0,0.0,0.0,-0.089203251778852,0.0,0.0,0.0,0.0,0.0,0.0,0.0,0.0,0.0,-0.0320663590989244,0.0,0.0,0.0,0.0,0.0,0.0,0.0,0.0,0.0,0.0,0.0,0.0,0.0,0.0,0.0,0.0,0.0,0.0,0.0,0.0,0.0,0.0,0.0,0.0,0.0,0.0,-0.05400559685167,0.0,0.0,0.0,0.0,0.0,0.0,0.0,0.0,0.0,0.0,0.0,0.0,0.0,0.0,0.0,0.0,0.0,0.0,0.0,0.0,0.0,0.0,0.0,0.0,0.0,0.0,0.0,-0.0803453066427472,0.0,0.0,-0.1811484513809136,0.0,0.0,-0.1536091624505839,0.0,0.0,0.0,0.1321626344766668,0.0,0.0,0.0,0.0,0.0,0.0,0.0,0.0,0.0,0.0,4.563416957855225
48,0.0525309710447578,0.0,-0.0956152661280197,0.0,0.0,0.0,0.0,0.0,-0.022822427070158,0.0,0.0339964995480549,0.0,0.0,0.0,0.0,0.0,0.0,0.0,0.0,0.0,0.0,0.0,0.0,0.0,0.0,0.0,0.0,0.0,0.1099073403583464,0.0,0.0,0.0,0.0,0.0,0.0,0.0,0.0,0.0,0.0,0.0,0.0,0.0,0.0,0.0,0.0,0.0,0.0,0.0,0.0,0.0,0.0,0.0,0.0,0.0,0.0,0.0,0.0,0.0,0.0,0.0,0.0131896222566629,0.0,0.0,0.0,0.0,0.0,0.0,0.0,0.0,0.0,-0.0708217201552863,0.0,0.0,0.0,0.0,0.0,0.0,0.0,0.0,0.0,0.0,0.0,0.0,0.0,0.0,0.0,0.0,0.0,0.0,0.0,0.0,0.0,0.0,0.0,0.0,0.0,0.0,0.0,0.0,0.0,0.0,0.0,0.0,0.0,0.0,0.0,0.0,0.0,0.0,0.0,0.0,0.0,0.0,0.0,0.0,0.0,0.0,0.0,0.0,0.0,0.0,0.0,0.0,0.0,0.0,-0.0008766487305298,0.0,-0.2045113012732198,0.0,0.0,0.0,0.0,-0.1872296676577261,0.0,0.0,0.0,0.0,-0.201935157777599,0.0,0.0,0.0,0.0,0.0,0.0,0.0,0.0,4.563416957855225
49,0.0635676899341619,0.0,0.0,0.0,-0.0936345338133336,0.0,-0.1964787990585894,0.0,0.0,0.0,-0.0006874582382164,0.0,0.0,0.0,0.0,0.0,0.0,0.0,0.0,0.0,0.0,0.0,0.0,0.0,0.0,0.0,0.0,0.0,0.0198497490965445,0.0,0.0,0.0,0.0,0.0,0.0,0.0,0.0,0.0,0.0,0.0,0.0,0.0,0.0,0.0,0.0,0.0,0.0,0.0,0.0,0.0,0.0,0.0,0.0,0.0,0.0,0.0,0.0,0.0,0.0,0.0,-0.026805638157444,0.0,0.0,0.0,0.0,0.0,0.0,0.0,0.0,0.0,-0.0594502076528117,0.0,0.0,0.0,0.0,0.0,0.0,0.0,0.0,0.0,0.0,0.0,0.0,0.0,0.0,0.0,0.0,0.0,0.0,0.0,0.0,0.0,0.0,0.0,0.0,0.0,0.0,0.0,0.0,0.0,0.0,0.0,0.0,0.0,0.0,0.0,0.0,0.0,0.0,0.0,0.0,0.0,0.0,0.0,0.0,0.0,0.0,0.0,0.0,0.0,0.0,0.0,0.0,0.0,0.0,-0.066804925342659,0.0,-0.1147151249999777,0.0,0.0,0.0,-0.1666556250739404,0.0,0.0,0.0,0.1044351316375648,0.0,0.0,0.0,0.0,0.0,0.0,0.0,0.0,0.0,0.0,4.563416957855225
50,0.0938417463935641,0.0,0.0,-0.1441964243225553,0.0,0.0,-0.2359588730042794,0.0,0.0,0.0,0.0115969404255677,0.0,0.0,0.0,0.0,0.0,0.0,0.0,0.0,0.0,0.0,0.0,0.0,0.0,0.0,0.0,0.0,0.0,0.0,0.0,0.0,0.0,0.0,0.0,0.0,0.0,0.0,0.0,0.0,0.0,0.0,0.0,0.0,0.0,0.0,0.0,0.0,0.0,0.0,0.0,0.0,0.0,0.0,0.0,0.0,0.0,0.0,0.0,0.0,0.0,-0.0927961787620153,0.0,0.0,0.0,0.0,0.0,0.0,0.0,0.0,0.0,-0.1523777010034863,0.0,0.0,0.0,0.0,0.0,0.0,0.0,0.0,0.0,0.0,0.0,0.0,0.0,0.0,0.0,0.0,-0.3619836189530118,0.0,0.0,0.0,0.0,0.0,0.0,0.0,0.0,0.0,0.0,0.0,0.0,0.0,0.0,0.0,0.0,0.0,0.0,0.0,0.0,0.0,0.0,0.0,0.0,0.0,0.0,0.0,0.0,0.0,0.0,0.0,0.0,0.0,0.0,0.013063170125474,0.0,0.0,0.0,0.0,0.0,0.0,-0.0325152248703203,0.0,-0.2106340772661815,0.0,0.0,0.0,0.0,0.0,-0.1855546742290643,0.0,0.0,0.0,0.0,0.0,0.0,0.0,0.0,4.563416957855225
51,0.0888301602603728,0.0,0.0,0.0,-0.0909425370104897,0.0,-0.239149007988183,0.0,0.0,0.0,0.0096195304376572,0.0,0.0,0.0,0.0,0.0,0.0,0.0,0.0,0.0,0.0,0.0,0.0,0.0,0.0,0.0,0.0,0.0,0.0,0.0,0.0,0.0,0.0,0.0,0.0,0.0,0.0,0.0,0.0,0.0,0.0,0.0,0.0,0.0,0.0,0.0,0.0,0.0,0.0,0.0,0.0,0.0,0.0,0.0,0.0,0.0,0.0,0.0,0.0,0.0,-0.0969831751280533,0.0,0.0,0.0,0.0,0.0,0.0,0.0,0.0,0.0,-0.1505481795487123,0.0,0.0,0.0,0.0,0.0,0.0,0.0,0.0,0.0,0.0,0.0,0.0,0.0,0.0,0.0,0.0,-0.3815346993925261,0.0,0.0,0.0,0.0,0.0,0.0,0.0,0.0,0.0,0.0,0.0,0.0,0.0,0.0,0.0,0.0,0.0,0.0,0.0,0.0,0.0,0.0,0.0,0.0,0.0,0.0,0.0,0.0,0.0,0.0,0.0,0.0,0.0,0.0,0.0078920810167582,0.0,0.0,0.0,0.0,0.0,0.0,-0.0327067691956415,0.0,-0.2138551195290532,0.0,0.0,0.0,0.0,0.0,-0.1920379752978616,0.0,0.0,0.0,0.0,0.0,0.0,0.0,0.0,4.563416957855225
52,0.0652087144693426,0.0,0.0,-0.1266600532879216,0.0,0.0,0.0,0.0,-0.0176256868316326,0.0,0.0383292491731879,0.0,0.0,0.0,0.0,0.0,0.0,0.0,0.0,0.0,0.0,0.0,0.0,0.0,0.0,0.0,0.0,0.0,0.0945119277137356,0.0,0.0,0.0,0.0,0.0,0.0,0.0,0.0,0.0,0.0,0.0,0.0,0.0,0.0,0.0,0.0,0.0,0.0,0.0,0.0,0.0,0.0,0.0,0.0,0.0,0.0,0.0,0.0,0.0,0.0,0.0,0.0173639681862204,0.0,0.0,0.0,0.0,0.0,0.0,0.0,0.0,0.0,-0.0736014165317513,0.0,0.0,0.0,0.0,0.0,0.0,0.0,0.0,0.0,0.0,0.0,0.0,0.0,0.0,0.0,0.0,0.0,0.0,0.0,0.0,0.0,0.0,0.0,0.0,0.0,0.0,0.0,0.0,0.0,0.0,0.0,0.0,0.0,0.0,0.0,0.0,0.0,0.0,0.0,0.0,0.0,0.0,0.0,0.0,0.0,0.0,0.0,0.0,0.0,0.0,0.0,0.0,0.0,0.0,0.0128380128573543,0.0,-0.1984199092243658,0.0,0.0,0.0,0.0,-0.1835141435244037,0.0,0.0,0.0,0.0,-0.2013145073753761,0.0,0.0,0.0,0.0,0.0,0.0,0.0,0.0,4.563416957855225
53,0.0660577139125071,0.0,0.0,0.0,-0.0992651319779009,0.0,-0.2627929132222097,0.0,0.0,0.0,-0.0703632836390019,0.0,0.0,0.0,0.0,0.0,0.0,0.0,0.0,0.0,0.0,0.0,0.0,0.0,0.0,0.0,0.0,0.0,0.0,0.0,0.0,0.0,0.0,0.0,0.0,0.0,0.0,0.0,0.0,0.0,0.0,0.0,0.0,0.0,0.0,0.0,0.0,0.0,0.0,0.0,0.0,0.0,0.0,0.0,0.0,0.0,0.0,0.0,0.0,0.0,-0.1231748951891967,0.0,0.0,0.0,0.0,0.0,0.0,0.0,-0.2100342190540883,0.0,0.0,0.0,0.0,0.0,0.0,0.0,0.0,0.0,0.0,0.0,0.0,0.0,0.0,0.0,0.0,0.0,0.0,-0.3287237235564006,0.0,0.0,0.0,0.0,0.0,0.0,0.0,0.0,0.0,0.0,0.0,0.0,0.0,0.0,0.0,0.0,0.0,0.0,0.0,0.0,0.0,0.0,0.0,0.0,0.0,0.0,0.0,0.0,0.0,0.0,0.0,0.0,0.0,0.0,-0.0352126413953599,0.0,0.0,0.0,0.0,-0.233898715754437,0.0,0.0,0.0,-0.2346228512592649,0.0,0.0,0.0,0.0,0.0,-0.170082967252098,0.0,0.0,0.0,0.0,0.0,0.0,0.0,0.0,4.563416957855225
54,0.0688805444158001,0.0,0.0,-0.1324692039004648,0.0,0.0,-0.1936098259334785,0.0,0.0,0.0,0.0051966340080827,0.0,0.0,0.0,0.0,0.0,0.0,0.0,0.0,0.0,0.0,0.0,0.0,0.0,0.0,0.0,0.0,0.0,0.0353325499686671,0.0,0.0,0.0,0.0,0.0,0.0,0.0,0.0,0.0,0.0,0.0,0.0,0.0,0.0,0.0,0.0,0.0,0.0,0.0,0.0,0.0,0.0,0.0,0.0,0.0,0.0,0.0,0.0,0.0,0.0,0.0,-0.0246634402660408,0.0,0.0,0.0,0.0,0.0,0.0,0.0,0.0,0.0,-0.066495964141807,0.0,0.0,0.0,0.0,0.0,0.0,0.0,0.0,0.0,0.0,0.0,0.0,0.0,0.0,0.0,0.0,0.0,0.0,0.0,0.0,0.0,0.0,0.0,0.0,0.0,0.0,0.0,0.0,0.0,0.0,0.0,0.0,0.0,0.0,0.0,0.0,0.0,0.0,0.0,0.0,0.0,0.0,0.0,0.0,0.0,0.0,0.0,0.0,0.0,0.0,0.0,0.0,0.0,0.0,-0.0573104905445679,0.0,-0.117628429496787,0.0,0.0,0.0,-0.165530185730427,0.0,0.0,0.0,0.1015033971007597,0.0,0.0,0.0,0.0,0.0,0.0,0.0,0.0,0.0,0.0,4.563416957855225
55,0.0688805444158001,0.0,0.0,-0.1324692039004648,0.0,0.0,-0.1936098259334785,0.0,0.0,0.0,0.0051966340080827,0.0,0.0,0.0,0.0,0.0,0.0,0.0,0.0,0.0,0.0,0.0,0.0,0.0,0.0,0.0,0.0,0.0,0.0353325499686671,0.0,0.0,0.0,0.0,0.0,0.0,0.0,0.0,0.0,0.0,0.0,0.0,0.0,0.0,0.0,0.0,0.0,0.0,0.0,0.0,0.0,0.0,0.0,0.0,0.0,0.0,0.0,0.0,0.0,0.0,0.0,-0.0246634402660408,0.0,0.0,0.0,0.0,0.0,0.0,0.0,0.0,0.0,-0.066495964141807,0.0,0.0,0.0,0.0,0.0,0.0,0.0,0.0,0.0,0.0,0.0,0.0,0.0,0.0,0.0,0.0,0.0,0.0,0.0,0.0,0.0,0.0,0.0,0.0,0.0,0.0,0.0,0.0,0.0,0.0,0.0,0.0,0.0,0.0,0.0,0.0,0.0,0.0,0.0,0.0,0.0,0.0,0.0,0.0,0.0,0.0,0.0,0.0,0.0,0.0,0.0,0.0,0.0,0.0,-0.0573104905445679,0.0,-0.117628429496787,0.0,0.0,0.0,-0.165530185730427,0.0,0.0,0.0,0.1015033971007597,0.0,0.0,0.0,0.0,0.0,0.0,0.0,0.0,0.0,0.0,4.563416957855225
56,0.0847316808084733,0.0,0.0,-0.1549188669797837,0.0,0.0,-0.2989882491969794,0.0,0.0,0.0,-0.0091522152547715,0.0,0.0,0.0,0.0,0.0,0.0,0.0,0.0,0.0,0.0,0.0,0.0,0.0,0.0,0.0,0.0,0.0,0.0,0.0,0.0,0.0,0.0,0.0,0.0,0.0,0.0,0.0,0.0,0.0,0.0,0.0,0.0,0.0,0.0,0.0,0.0,0.0,0.0,0.0,0.0,0.0,0.0,0.0,0.0,0.0,0.0,0.0,0.0,0.0,-0.1058708894906449,0.0,0.0,0.0,0.0,0.0,0.0,0.0,0.0,0.0854450741371544,0.0,0.0,0.0,0.0,0.0,0.0,0.0,0.0,0.0,0.0,0.0,0.0,0.0,0.0,0.0,0.0,0.0,-0.4728775901539858,0.0,0.0,0.0,0.0,0.0,0.0,0.0,0.0,0.0,0.0,0.0,0.0,0.0,0.0,0.0,0.0,0.0,0.0,0.0,0.0,0.0,0.0,0.0,0.0,0.0,0.0,0.0,0.0,0.0,0.0,0.0,0.0,0.0,0.0,0.0050306865061174,0.0,0.0,0.0,0.0,0.0,-0.2967538016269031,0.0,0.0,-0.2349822077572247,0.0,0.0,0.0,0.0,0.0,-0.1705048399398161,0.0,0.0,0.0,0.0,0.0,0.0,0.0,0.0,4.563416957855225
57,0.0888301602603728,0.0,0.0,0.0,-0.0909425370104897,0.0,-0.239149007988183,0.0,0.0,0.0,0.0096195304376572,0.0,0.0,0.0,0.0,0.0,0.0,0.0,0.0,0.0,0.0,0.0,0.0,0.0,0.0,0.0,0.0,0.0,0.0,0.0,0.0,0.0,0.0,0.0,0.0,0.0,0.0,0.0,0.0,0.0,0.0,0.0,0.0,0.0,0.0,0.0,0.0,0.0,0.0,0.0,0.0,0.0,0.0,0.0,0.0,0.0,0.0,0.0,0.0,0.0,-0.0969831751280533,0.0,0.0,0.0,0.0,0.0,0.0,0.0,0.0,0.0,-0.1505481795487123,0.0,0.0,0.0,0.0,0.0,0.0,0.0,0.0,0.0,0.0,0.0,0.0,0.0,0.0,0.0,0.0,-0.3815346993925261,0.0,0.0,0.0,0.0,0.0,0.0,0.0,0.0,0.0,0.0,0.0,0.0,0.0,0.0,0.0,0.0,0.0,0.0,0.0,0.0,0.0,0.0,0.0,0.0,0.0,0.0,0.0,0.0,0.0,0.0,0.0,0.0,0.0,0.0,0.0078920810167582,0.0,0.0,0.0,0.0,0.0,0.0,-0.0327067691956415,0.0,-0.2138551195290532,0.0,0.0,0.0,0.0,0.0,-0.1920379752978616,0.0,0.0,0.0,0.0,0.0,0.0,0.0,0.0,4.563416957855225
58,0.0677612954410903,0.0,0.0,-0.1330283848542246,0.0,0.0,-0.249486655636844,0.0,0.0,0.0,-0.0638811452032313,0.0,0.0,0.0,0.0,-0.143424753987479,0.0,0.0,0.0,0.0,0.0,0.0,0.0,0.0,0.0,0.0,0.0,0.0,0.0,0.0,0.0,0.0,0.0,0.0,0.0,0.0,0.0,0.0,0.0,0.0,0.0,0.0,0.0,0.0,0.0,0.0,0.0,0.0,0.0,0.0,0.0,0.0,0.0,0.0,0.0,0.0,0.0,0.0,0.0,0.0,-0.1593146441771391,0.0,0.0,0.0,0.0,0.0,0.0,0.0,-0.1830220244160978,0.0,0.0,0.0,0.0,0.0,0.0,0.0,0.0,0.0,0.0,0.0,0.0,0.0,0.0,0.0,0.0,0.0,0.0,-0.2772339288843866,0.0,0.0,0.0,0.0,0.0,0.0,0.0,0.0,0.0,0.0,0.0,0.0,0.0,0.0,0.0,0.0,0.0,0.0,0.0,0.0,0.0,0.0,0.0,0.0,0.0,0.0,0.0,0.0,0.0,0.0,0.0,0.0990384505349389,0.0,0.0,0.0,0.0,0.0,0.0,0.0,-0.2187179980052049,0.0,0.0,0.0,-0.2182205110484614,0.0,0.0,0.0,-0.0344350680338343,0.0,0.0,0.0,0.0,0.0,0.0,0.0,0.0,0.0,0.0,4.563416957855225
59,0.0938417463935641,0.0,0.0,-0.1441964243225553,0.0,0.0,-0.2359588730042794,0.0,0.0,0.0,0.0115969404255677,0.0,0.0,0.0,0.0,0.0,0.0,0.0,0.0,0.0,0.0,0.0,0.0,0.0,0.0,0.0,0.0,0.0,0.0,0.0,0.0,0.0,0.0,0.0,0.0,0.0,0.0,0.0,0.0,0.0,0.0,0.0,0.0,0.0,0.0,0.0,0.0,0.0,0.0,0.0,0.0,0.0,0.0,0.0,0.0,0.0,0.0,0.0,0.0,0.0,-0.0927961787620153,0.0,0.0,0.0,0.0,0.0,0.0,0.0,0.0,0.0,-0.1523777010034863,0.0,0.0,0.0,0.0,0.0,0.0,0.0,0.0,0.0,0.0,0.0,0.0,0.0,0.0,0.0,0.0,-0.3619836189530118,0.0,0.0,0.0,0.0,0.0,0.0,0.0,0.0,0.0,0.0,0.0,0.0,0.0,0.0,0.0,0.0,0.0,0.0,0.0,0.0,0.0,0.0,0.0,0.0,0.0,0.0,0.0,0.0,0.0,0.0,0.0,0.0,0.0,0.0,0.013063170125474,0.0,0.0,0.0,0.0,0.0,0.0,-0.0325152248703203,0.0,-0.2106340772661815,0.0,0.0,0.0,0.0,0.0,-0.1855546742290643,0.0,0.0,0.0,0.0,0.0,0.0,0.0,0.0,4.563416957855225
60,0.0575563664377539,0.0,-0.1119321716093426,0.0,0.0,0.0,0.0,0.0,-0.2326268856222733,0.0,0.0,0.0,-0.3951970664069311,0.0,0.0,0.0,0.2045891490609326,0.0,0.0,0.0,0.0,0.0,0.0,0.0,0.0,0.0,0.0,0.0,0.0,0.0,0.0,0.0,0.0,0.0,0.0,0.0,0.0,0.0,0.0,0.0,0.0,0.0,0.0,0.0,0.0,0.0,0.0,0.0,0.0,0.0,0.0,0.0,0.0,0.0,0.0,0.0,0.0,0.0,0.0,0.0,0.0,0.0,0.0,0.0,-0.1017201618173361,0.0,0.0,0.0,0.0,0.0,-0.0795777966137145,0.0,0.0,0.0,0.0,0.0,0.0,0.0,0.0,0.0,0.0,0.0,0.0,0.0,0.0,0.0,0.0,-0.1403675056668424,0.0,0.0,0.0,0.0,0.0,0.0,0.0,0.0,0.0,0.0,0.0,0.0,0.0,0.0,0.0,0.0,0.0,0.0,0.0,0.0,0.0,-0.3425609333858226,0.0,0.0,0.0,0.0,0.0,0.0,0.0,0.0,0.0,0.0,0.0,0.0,0.0,0.0,0.0,0.0,0.0,-0.2388037548030401,0.0,0.0,0.0,0.0,0.0,-0.2361382412682171,0.0,0.0,0.0,0.0,-0.214346768186273,0.0,0.0735372021813731,-0.173403929779915,0.097601516917561,0.0,-0.003901929060105,0.0,4.563416957855225
61,-0.01105987708329,0.0,0.0,-0.1224596792922672,0.0,0.0,0.0,0.0,-0.1692471935500085,0.0,0.0,0.0,-0.3042223051085234,0.0,0.0,0.0,0.0,0.0,0.0,0.0,0.0,0.0,0.0,0.0,0.0,0.0,0.0,0.0,-0.0933781945608274,0.0,0.0,0.0,0.0,0.0,0.0,0.0,0.0,0.0,0.0,0.0,0.0,0.0,0.0,0.0,0.0,0.0,0.0,0.0,0.0,0.0,-0.2403418710415603,0.0,0.0,0.0,0.0,0.0,0.0,0.0,0.0,0.0,0.0,0.0,0.0,0.0,0.0,0.0,0.0,0.0,-0.2255027041310853,0.0,0.0,0.0,0.0,0.0,0.0,0.0,0.0,0.0,0.0,0.0,0.0,0.0,0.0,0.0,0.0,0.0,0.0,0.0,0.0,0.0,0.0,-0.17277941496624,0.0,0.0,0.0,0.0,0.0,0.0,0.0,0.0,0.0,0.0,0.0,0.0,0.0,0.0,0.0,0.0,0.0,0.0,0.0,0.0,0.0,0.0,0.0,0.0,0.0,0.0,0.0,0.0,0.0,0.0,0.0,-0.6468468360227382,0.0,0.0,0.0,0.0,0.0,-0.0725204995584148,0.0,0.0,0.0,-0.1601887879003805,0.0,0.0,0.0,0.0,-0.2239319480811225,0.0,0.0659200316046013,-0.1330696309519448,0.0,0.0,-0.1120133212974212,0.0,4.563416957855225
62,0.0541997574231696,0.0,0.0,-0.1382875986144046,0.0,0.0,0.0,0.0,-0.1783832909083774,0.0,0.0,0.0,-0.3180540552369774,0.0,0.0,0.0,0.0,0.0,0.0,0.0,0.0,0.0,0.0,0.0,0.0,0.0,0.0,0.0,-0.126800392948281,0.0,0.0,0.0,0.0,0.0,0.0,0.0,0.0,0.0,0.0,0.0,0.0,0.0,0.0,0.0,0.0,0.0,0.0,0.0,0.0,0.0,-0.2037757550962305,0.0,0.0,0.0,0.0,0.0,0.0,0.0,0.0,0.0,0.0,0.0,0.0,0.0,0.0,0.0,0.0,0.0,-0.2637507163992702,0.0,0.0,0.0,0.0,0.0,0.0,0.0418010156424513,0.0,0.0,0.0,0.0,0.0,0.0,0.0,0.0,0.0,0.0,0.0,0.0,0.0,0.0,0.0,0.0,0.0,0.0,0.0,0.0,0.0,0.0,0.0,0.0,0.0,0.0,0.0,0.0,0.0,0.0,0.0,0.0,0.0,0.0,0.0,0.0,0.0,0.0,0.0,0.0,0.0,0.0,0.0,0.0,0.0,0.0,0.0,-0.2912231306802489,0.0,0.0,0.0,0.0,0.0,-0.0285907787098877,0.0,0.0,0.0,-0.2056016357532889,0.0,0.0,0.0,0.0,-0.2507593197058337,0.0,0.0728695564944301,-0.1291598065932739,0.0,0.0,-0.0788580764377802,0.0,4.563416957855225
63,0.0710117842160105,0.0,0.0,-0.161592061886842,0.0,0.0,0.0,0.0,-0.2589134202530527,0.0,0.0,0.0,-0.3748434233663735,0.0,0.0,0.0,0.0,0.0,0.0,0.0,0.0,0.0,0.0,0.0,0.0,0.0,0.0,0.0,0.0,0.0,0.0,0.0,-0.1010678685724928,0.0,0.0,0.0,0.0,0.0,0.0,0.0,0.0,0.0,0.0,0.0,0.0,0.0,0.0,0.0,0.0,0.0,0.0,0.0,0.0,0.0,0.0,0.0,0.0,0.0,0.0,0.0,0.0,0.0,0.0,0.0,-0.1176324505727688,0.0,0.0,0.0,0.0,0.0,-0.1658929532836435,0.0,0.0,0.0,0.0,0.0,0.0,0.0,0.0,0.0,0.0,0.0,0.0,0.0,0.0,0.0,0.0,-0.2655738420113653,0.0,0.0,0.0,0.0,0.0,0.0,0.0,0.0,0.0,0.0,0.0,0.0,0.0,0.0,0.0,0.0,0.0,0.0,0.0,0.0,0.0,-0.3693126343066073,0.0,0.0,0.0,0.0,0.0,0.0,0.0,0.0,0.0,0.0,0.0,0.0,0.0,0.0,0.0,0.0,0.0,-0.2544200980641686,0.0,0.0,0.0,0.0,0.0,-0.2424738577821321,0.0,0.0,0.0,0.0,-0.3550899664060075,0.0,0.0641777518725099,-0.2098801678793393,0.0,0.0,-0.2521423405242222,0.0,4.563416957855225
64,0.0536944043015479,0.0,-0.1103931971029954,0.0,0.0,0.0,-0.2671316979553964,0.0,0.0,0.0,0.0,0.0,-0.2903471816855746,0.0,0.0,0.0,0.0,0.0,0.0,0.0,0.0,0.0,0.0,0.0,0.0,0.0,0.0,0.0,-0.0445648489682068,0.0,0.0,0.0,0.0,0.0,0.0,0.0,0.0,0.0,0.0,0.0,0.0,0.0,0.0,0.0,0.0,0.0,0.0,0.0,0.0,0.0,-0.240984472571849,0.0,0.0,0.0,0.0,0.0,0.0,0.0,0.0,0.0,0.0,0.0,0.0,0.0,0.0,0.0,0.0,0.0,-0.3173937871375667,0.0,0.0,0.0,0.0,0.0,0.0,0.0,0.0,0.0,0.0,0.0,0.0,0.0,0.0,0.0,0.0,0.0,0.0,0.0,0.0,0.0,0.1056109173411409,0.0,0.0,0.0,0.0,0.0,0.0,0.0,0.0,0.0,0.0,0.0,0.0,0.0,0.0,0.0,0.0,0.0,0.0,0.0,0.0,0.0,0.0,0.0,0.0,0.0,0.0,0.0,0.0,0.0,0.0,0.0,0.0,-0.1186068227951206,0.0,0.0,0.0,-0.258705959982237,0.0,0.0,0.0,-0.2280227600287394,0.0,0.0,0.0,0.0,0.0,-0.1927714219785612,0.0,0.0,0.1129461532858486,0.0,0.0,0.0,0.0,0.0,4.563416957855225
65,-0.0245708003570983,0.0,0.0,-0.1255903915527687,0.0,0.0,0.0,-0.0921202303872301,0.0,0.0,0.0,0.0,-0.3218957142948866,0.0,0.0,0.0,0.0,0.0,0.0,0.0,0.0,0.0,0.0,0.0,0.0,0.0,0.0,0.0,-0.152432840667547,0.0,0.0,0.0,0.0,0.0,0.0,0.0,0.0,0.0,0.0,0.0,0.0,0.0,0.0,0.0,0.0,0.0,0.0,0.0,0.0,0.0,-0.2585378911983018,0.0,0.0,0.0,0.0,0.0,0.0,0.0,0.0,0.0,0.0,0.0,0.0,0.0,0.0,0.0,0.0,0.0,0.0,-0.186173906859093,0.0,0.0,0.0,0.0,0.0,0.0,0.0,0.0,0.0,0.0,0.0,0.0,0.0,0.0,0.0,0.0,0.0,0.0,0.0,0.0,0.0,-0.1124040225963494,0.0,0.0,0.0,0.0,0.0,0.0,0.0,0.0,0.0,0.0,0.0,0.0,0.0,0.0,0.0,0.0,0.0,0.0,0.0,0.0,0.0,0.0,0.0,0.0,0.0,0.0,0.0,0.0,0.0,0.0,0.0,-0.6959938138215753,0.0,0.0,0.0,0.0,0.0,-0.1177914529640744,0.0,0.0,0.0,-0.2406978141448954,0.0,0.0,0.0,0.0,-0.2153572163638755,0.0,0.0,-0.1041581756129215,0.0,0.0,0.0,0.0,4.563416957855225
66,0.0641419171048834,0.0,0.0,-0.149128970716373,0.0,0.0,-0.2368438382355833,0.0,0.0,0.0,0.0,0.0,-0.2344612918579112,0.0,0.0,0.0,0.0,0.0,0.0,0.0,0.0,0.0,0.0,0.0,0.0,0.0,0.0,0.0,-0.0472404320611274,0.0,0.0,0.0,0.0,0.0,0.0,0.0,0.0,0.0,0.0,0.0,0.0,0.0,0.0,0.0,0.0,0.0,0.0,0.0,0.0,0.0,-0.2021880837387604,0.0,0.0,0.0,0.0,0.0,0.0,0.0,0.0,0.0,0.0,0.0,0.0,0.0,0.0,0.0,0.0,0.0,0.0,-0.0393919395359554,0.0,0.0,0.0,0.0,0.0,0.0,0.0,0.0,0.0,0.0,0.0,0.0,0.0,0.0,0.0,0.0,0.0,0.0,0.0,0.0,0.1633075769628195,0.0,0.0,0.0,0.0,0.0,0.0,0.0,0.0,0.0,0.0,0.0,0.0,0.0,0.0,0.0,0.0,0.0,0.0,0.0,0.0,0.0,0.0,0.0,0.0,0.0,0.0,0.0,0.0,0.0,0.0,0.0,0.0,-0.1374096255689981,0.0,0.0,0.0,0.0,-0.0290251937200456,0.0,0.0,-0.2107122354010062,0.0,0.0,0.0,0.0,0.0,-0.1869136209022297,0.0,0.0,0.2807993047174069,0.0,0.0,0.0,0.0,0.0,4.563416957855225
67,0.0395861939842459,0.0,0.0,-0.137388013981869,0.0,0.0,0.0,0.0,-0.1821923970503736,0.0,0.0,0.0,-0.3167266580202421,0.0,0.0,0.0,0.0,0.0,0.0,0.0,0.0,0.0,0.0,0.0,0.0,0.0,0.0,0.0,-0.1589154190878323,0.0,0.0,0.0,0.0,0.0,0.0,0.0,0.0,0.0,0.0,0.0,0.0,0.0,0.0,0.0,0.0,0.0,0.0,0.0,0.0,0.0,-0.2517255847495764,0.0,0.0,0.0,0.0,0.0,0.0,0.0,0.0,0.0,0.0,0.0,0.0,0.0,0.0,0.0,0.0,0.0,-0.2934088754130266,0.0,0.0,0.0,0.0,0.0,0.0,0.0,0.0,0.0,0.0,0.0,0.0,0.0,0.0,0.0,0.0,0.0,0.0,0.0,0.0,0.0,0.0,0.0,0.0,0.0,0.0,0.0,-0.1163939377828525,0.0,0.0,0.0,0.0,0.0,0.0,0.0,0.0,0.0,0.0,0.0,0.0,0.0,0.0,0.0,0.0,0.0,0.0,0.0,0.0,0.0,0.0,0.0,0.0,0.0,0.0,-0.3184320565520404,0.0,0.0,0.0,0.0,0.0,-0.1113680615375904,0.0,0.0,0.0,-0.2280969980951064,0.0,0.0,0.0,0.0,-0.2659079415852872,0.0,0.0584776552885157,-0.1210321133278564,0.0,0.0,-0.0452398778587608,0.0,4.563416957855225
68,0.0361520835689229,0.0,0.0,-0.1514599453401777,0.0,0.0,0.0,0.0,0.0,-0.1454139575066951,0.0,0.0,-0.3184430431723882,0.0,0.0,0.0,0.0,0.0,0.0,0.0,0.0,0.0,0.0,0.0,0.0,0.0,0.0,0.0,-0.1063153743570045,0.0,0.0,0.0,0.0,0.0,0.0,0.0,0.0,0.0,0.0,0.0,0.0,0.0,0.0,0.0,0.0,0.0,0.0,0.0,0.0,0.0,-0.2147804872714281,0.0,0.0,0.0,0.0,0.0,0.0,0.0,0.0,0.0,0.0,0.0,0.0,0.0,0.0,0.0,0.0,0.0,-0.281234529215963,0.0,0.0,0.0,0.0,0.0,0.0,0.0203794200468172,0.0,0.0,0.0,0.0,0.0,0.0,0.0,0.0,0.0,0.0,0.0,0.0,0.0,0.0,0.0,0.0,0.0,0.0,0.0,0.0,0.0,0.0,0.0,0.0,0.0,0.0,0.0,0.0,0.0,0.0,0.0,0.0,0.0,0.0,0.0,0.0,0.0,0.0,0.0,0.0,0.0,0.0,0.0,0.0,0.0,0.0,0.0,-0.2741485336893674,0.0,0.0,0.0,0.0,0.0,-0.0607299440836812,0.0,0.0,0.0,-0.2739576579123674,0.0,0.0,0.0,0.0,-0.2931155558160316,0.0,0.0851729893297283,-0.1274057805972634,0.0523668973373359,0.0,-0.0383966327425557,0.0,4.563416957855225
69,0.0341603151687577,0.0,-0.1299981275883536,0.0,0.0,0.0,0.0,-0.162863187651066,0.0,0.0,0.0,0.0,-0.3307921510828872,0.0,0.0,0.0,0.0,0.0,0.0,0.0,0.0,0.0,0.0,0.0,0.0,0.0,0.0,0.0,-0.1910765266828233,0.0,0.0,0.0,0.0,0.0,0.0,0.0,0.0,0.0,0.0,0.0,0.0,0.0,0.0,0.0,0.0,0.0,0.0,0.0,0.0,0.0,-0.235733698669909,0.0,0.0,0.0,0.0,0.0,0.0,0.0,0.0,0.0,0.0,0.0,0.0,0.0,0.0,0.0,0.0,0.0,0.0,-0.090329978783869,0.0,0.0,0.0,0.0,0.0,0.096686183009547,0.0,0.0,0.0,0.0,0.0,0.0,0.0,0.0,0.0,0.0,0.0,0.0,0.0,0.0,0.0,0.0,0.0,0.0,0.0,0.0,0.0,0.0,0.0,0.0,0.0,0.0,0.0,0.0,0.0,0.0,0.0,0.0,0.0,0.0,0.0,0.0,0.0,0.0,0.0,0.0,0.0,0.0,0.0,0.0,0.0,0.0,0.0,-0.3662023788276357,0.0,0.0,0.0,0.0,0.0,-0.1276212449740923,0.0,0.0,0.0,-0.2856244531927671,0.0,0.0,0.0,0.0,-0.2243952366469771,0.0,0.0,-0.1011585586207506,0.0561166239928161,0.0,-0.041649328030922,0.0,4.563416957855225
70,0.0779823341099546,0.0,0.0,-0.1598573711360585,0.0,0.0,0.0,0.0,-0.2330427257122347,0.0,0.0,0.0,-0.3663107791951012,0.0,0.0,0.0,0.2120119529048425,0.0,0.0,0.0,0.0,0.0,0.0,0.0,0.0,0.0,0.0,0.0,0.0,0.0,0.0,0.0,0.0,0.0,0.0,0.0,0.0,0.0,0.0,0.0,0.0,0.0,0.0,0.0,0.0,0.0,0.0,0.0,0.0,0.0,0.0,0.0,0.0,0.0,0.0,0.0,0.0,0.0,0.0,0.0,0.0,0.0,0.0,0.0,-0.1063564050495501,0.0,0.0,0.0,0.0,0.0,-0.0695622020103166,0.0,0.0,0.0,0.0,0.0,0.0,0.0,0.0,0.0,0.0,0.0,0.0,0.0,0.0,0.0,0.0,-0.1834961852335057,0.0,0.0,0.0,0.0,0.0,0.0,0.0,0.0,0.0,0.0,0.0,0.0,0.0,0.0,0.0,0.0,0.0,0.0,0.0,0.0,0.0,-0.3290709271311552,0.0,0.0,0.0,0.0,0.0,0.0,0.0,0.0,0.0,0.0,0.0,0.0,0.0,0.0,0.0,0.0,0.0,-0.2367635042170248,0.0,0.0,0.0,0.0,0.0,-0.2420924412849625,0.0,0.0,0.0,0.0,-0.2154198879224356,0.0,0.084826876514173,-0.1577126006632339,0.1031660923063138,0.0,-0.0145344116434742,0.0,4.563416957855225
71,0.0515425606016677,0.0,-0.1096454801772723,0.0,0.0,0.0,-0.2413732401700519,0.0,0.0,0.0,0.0,0.0,-0.2382578559047434,0.0,0.0,0.0,0.0,0.0,0.0,0.0,0.0,0.0,0.0,0.0,0.0,0.0,0.0,0.0,-0.0604170359621258,0.0,0.0,0.0,0.0,0.0,0.0,0.0,0.0,0.0,0.0,0.0,0.0,0.0,0.0,0.0,0.0,0.0,0.0,0.0,0.0,0.0,-0.201202590704643,0.0,0.0,0.0,0.0,0.0,0.0,0.0,0.0,0.0,0.0,0.0,0.0,0.0,0.0,0.0,0.0,0.0,0.0,-0.0394392089852875,0.0,0.0,0.0,0.0,0.0,0.0,0.0,0.0,0.0,0.0,0.0,0.0,0.0,0.0,0.0,0.0,0.0,0.0,0.0,0.0,0.1642661719456203,0.0,0.0,0.0,0.0,0.0,0.0,0.0,0.0,0.0,0.0,0.0,0.0,0.0,0.0,0.0,0.0,0.0,0.0,0.0,0.0,0.0,0.0,0.0,0.0,0.0,0.0,0.0,0.0,0.0,0.0,0.0,0.0,-0.1442502714077371,0.0,0.0,0.0,0.0,-0.0407844347099486,0.0,0.0,-0.2320213719458475,0.0,0.0,0.0,0.0,0.0,-0.201716598481275,0.0,0.0,0.3058227686061121,0.0,0.0,0.0,0.0,0.0,4.563416957855225
72,0.053952595181534,0.0,-0.1114207604903008,0.0,0.0,0.0,-0.2694451325576152,0.0,0.0,0.0,0.0,0.0,-0.2913140033330703,0.0,0.0,0.0,0.0,0.0,0.0,0.0,0.0,0.0,0.0,0.0,0.0,0.0,0.0,0.0,-0.0460931202907908,0.0,0.0,0.0,0.0,0.0,0.0,0.0,0.0,0.0,0.0,0.0,0.0,0.0,0.0,0.0,0.0,0.0,0.0,0.0,0.0,0.0,-0.2407208884794299,0.0,0.0,0.0,0.0,0.0,0.0,0.0,0.0,0.0,0.0,0.0,0.0,0.0,0.0,0.0,0.0,0.0,-0.3034567247523825,0.0,0.0,0.0,0.0,0.0,0.0,0.0,0.0,0.0,0.0,0.0,0.0,0.0,0.0,0.0,0.0,0.0,0.0,0.0,0.0,0.0,0.1014101781450688,0.0,0.0,0.0,0.0,0.0,0.0,0.0,0.0,0.0,0.0,0.0,0.0,0.0,0.0,0.0,0.0,0.0,0.0,0.0,0.0,0.0,0.0,0.0,0.0,0.0,0.0,0.0,0.0,0.0,0.0,0.0,0.0,-0.1197108292574191,0.0,0.0,0.0,-0.2624441037109182,0.0,0.0,0.0,-0.2263834219679958,0.0,0.0,0.0,0.0,0.0,-0.1920196509895125,0.0,0.0,0.1109751872251223,0.0,0.0,0.0,0.0,0.0,4.563416957855225
73,0.0744511678802593,0.0,0.0,-0.1613408396901368,0.0,0.0,0.0,0.0,-0.2187641458905115,0.0,0.0,0.0,-0.3782250613859012,0.0,0.0,0.0,0.2143019587325129,0.0,0.0,0.0,0.0,0.0,0.0,0.0,0.0,0.0,0.0,0.0,0.0,0.0,0.0,0.0,0.0,0.0,0.0,0.0,0.0,0.0,0.0,0.0,0.0,0.0,0.0,0.0,0.0,0.0,0.0,0.0,0.0,0.0,0.0,0.0,0.0,0.0,0.0,0.0,0.0,0.0,0.0,0.0,0.0,0.0,0.0,0.0,-0.1064986399097442,0.0,0.0,0.0,0.0,0.0,-0.0777642477155181,0.0,0.0,0.0,0.0,0.0,0.0,0.0,0.0,0.0,0.0,0.0,0.0,0.0,0.0,0.0,0.0,-0.1868320295839094,0.0,0.0,0.0,0.0,0.0,0.0,0.0,0.0,0.0,0.0,0.0,0.0,0.0,0.0,0.0,0.0,0.0,0.0,0.0,0.0,0.0,-0.3336432522111753,0.0,0.0,0.0,0.0,0.0,0.0,0.0,0.0,0.0,0.0,0.0,0.0,0.0,0.0,0.0,0.0,0.0,-0.2452392360289933,0.0,0.0,0.0,0.0,0.0,-0.2321951486835204,0.0,0.0,0.0,0.0,-0.1949259381674679,0.0,0.0822713299133466,-0.1585409103787738,0.0867128077557639,0.0,0.0,0.0,4.563416957855225
74,0.0887136514560427,0.0,0.0,-0.1613865987183929,0.0,0.0,0.0,0.0,-0.223534867468792,0.0,0.0,0.0,-0.3660434299969418,0.0,0.0,0.0,0.1972375595250215,0.0,0.0,0.0,0.0,0.0,0.0,0.0,0.0,0.0,0.0,0.0,0.0,0.0,0.0,0.0,0.0,0.0,0.0,0.0,0.0,0.0,0.0,0.0,0.0,0.0,0.0,0.0,0.0,0.0,0.0,0.0,0.0,0.0,0.0,0.0,0.0,0.0,0.0,0.0,0.0,0.0,0.0,0.0,0.0,0.0,0.0,0.0,-0.1489805815183094,0.0,0.0,0.0,0.0,0.0,-0.0639154618509426,0.0,0.0,0.0,0.0,0.0,0.0,0.0,0.0,0.0,0.0,0.0,0.0,0.0,0.0,0.0,0.0,-0.2018262642601272,0.0,0.0,0.0,0.0,0.0,0.0,0.0,0.0,0.0,0.0,0.0,0.0,0.0,0.0,0.0,0.0,0.0,0.0,0.0,0.0,0.0,-0.3433319424936142,0.0,0.0,0.0,0.0,0.0,0.0,0.0,0.0,0.0,0.0,0.0,0.0,0.0,0.0,0.0,0.0,0.0,-0.2565642985095257,0.0,0.0,0.0,0.0,0.0,-0.1739564065513463,0.0,0.0,0.0,0.0,-0.251365889035273,0.0,0.069989719965845,-0.1715715612739423,0.0,0.0,-0.0791643796206535,0.0,4.563416957855225
75,0.0756123629758288,0.0,0.0,-0.144894512176616,0.0,0.0,0.0,-0.0754334174166249,0.0,0.0,0.0,0.0,-0.3336015135311327,0.0,0.0,0.0,0.1708158717885918,0.0,0.0,0.0,0.0,0.0,0.0,0.0,0.0,0.0,0.0,0.0,0.0,0.0,0.0,0.0,0.0,0.0,0.0,0.0,0.0,0.0,0.0,0.0,0.0,0.0,0.0,0.0,0.0,0.0,0.0,0.0,0.0,0.0,0.0,0.0,0.0,0.0,0.0,0.0,0.0,0.0,0.0,0.0,0.0,0.0,0.0,0.0,-0.2345589857462123,0.0,0.0,0.0,0.0,0.0,-0.0754177901245208,0.0,0.0,0.0,0.0,0.0,0.0,0.0,0.0,0.0,0.0,0.0,0.0,0.0,0.0,0.0,0.0,-0.2262649634893854,0.0,0.0,0.0,0.0,0.0,0.0,0.0,0.0,0.0,0.0,0.0,0.0,0.0,0.0,0.0,0.0,0.0,0.0,0.0,0.0,0.0,-0.3037631061781904,0.0,0.0,0.0,0.0,0.0,0.0,0.0,0.0,0.0,0.0,0.0,0.0,0.0,0.0,0.0,0.0,0.0,0.0,-0.2595599796639666,0.0,0.0,0.0,0.0,-0.2015394813081763,0.0,0.0,0.0,0.0,-0.2110641488173443,0.0,0.0,-0.1431553432305587,0.0779814778890406,0.0,-0.0266397587820115,0.0,4.563416957855225
76,0.043558294939388,0.0,-0.1192359912835704,0.0,0.0,0.0,-0.249088116902753,0.0,0.0,0.0,0.0,0.0,-0.2441066777178189,0.0,0.0,0.0,0.0,0.0,0.0,0.0,0.0,0.0,0.0,0.0,0.0,0.0,0.0,0.0,-0.0592261689205633,0.0,0.0,0.0,0.0,0.0,0.0,0.0,0.0,0.0,0.0,0.0,0.0,0.0,0.0,0.0,0.0,0.0,0.0,0.0,0.0,0.0,-0.2130891640685059,0.0,0.0,0.0,0.0,0.0,0.0,0.0,0.0,0.0,0.0,0.0,0.0,0.0,0.0,0.0,0.0,0.0,0.0,-0.0385882693821911,0.0,0.0,0.0,0.0,0.0,0.0,0.0,0.0,0.0,0.0,0.0,0.0,0.0,0.0,0.0,0.0,0.0,0.0,0.0,0.0,0.1626068534336712,0.0,0.0,0.0,0.0,0.0,0.0,0.0,0.0,0.0,0.0,0.0,0.0,0.0,0.0,0.0,0.0,0.0,0.0,0.0,0.0,0.0,0.0,0.0,0.0,0.0,0.0,0.0,0.0,0.0,0.0,0.0,0.0,-0.1402491555554604,0.0,0.0,0.0,0.0,-0.0296320104595486,0.0,0.0,-0.2208218430053974,0.0,0.0,0.0,0.0,0.0,-0.1950390691566508,0.0,0.0,0.3154347307838687,0.0,0.0,0.0,0.0,0.0,4.563416957855225
77,0.0402135225588204,0.0,-0.1068217167091424,0.0,0.0,0.0,0.0,0.0,-0.1790420649387784,0.0,0.0,0.0,-0.2634645342367526,0.0,0.0,0.0,0.0,0.0,0.0,0.0,0.0,0.0,0.0,0.0,0.0,0.0,0.0,0.0,-0.0040482851914324,0.0,0.0,0.0,0.0,0.0,0.0,0.0,0.0,0.0,0.0,0.0,0.0,0.0,0.0,0.0,0.0,0.0,0.0,0.0,0.0,0.0,-0.1867080621298271,0.0,0.0,0.0,0.0,0.0,0.0,0.0,0.0,0.0,0.0,0.0,0.0,0.0,0.0,0.0,0.0,0.0,-0.2639002632184919,0.0,0.0,0.0,0.0,0.0,0.0,0.0,0.0,0.0,0.0,0.0,0.0,0.0,0.0,0.0,0.0,0.0,0.0,0.0,0.0,0.0,0.1712963204960388,0.0,0.0,0.0,0.0,0.0,0.0,0.0,0.0,0.0,0.0,0.0,0.0,0.0,0.0,0.0,0.0,0.0,0.0,0.0,0.0,0.0,0.0,0.0,0.0,0.0,0.0,0.0,0.0,0.0,0.0,0.0,0.0,-0.1927645043275683,0.0,0.0,0.0,0.0,0.0241328858358272,0.0,0.0,0.0,-0.2422170638324683,0.0,0.0,0.0,0.0,-0.2424156742259101,0.0,0.0,0.2263359345943678,0.0,0.0,0.0,0.0,0.0,4.563416957855225
78,0.0414784015259103,0.0,-0.0995531055833969,0.0,0.0,0.0,0.0,0.0,-0.1761427519999289,0.0,0.0,0.0,-0.2627904502276041,0.0,0.0,0.0,0.0,0.0,0.0,0.0,0.0,0.0,0.0,0.0,0.0,0.0,0.0,0.0,-0.0010749018661019,0.0,0.0,0.0,0.0,0.0,0.0,0.0,0.0,0.0,0.0,0.0,0.0,0.0,0.0,0.0,0.0,0.0,0.0,0.0,0.0,0.0,-0.1911753195678966,0.0,0.0,0.0,0.0,0.0,0.0,0.0,0.0,0.0,0.0,0.0,0.0,0.0,0.0,0.0,0.0,0.0,-0.2611722401848702,0.0,0.0,0.0,0.0,0.0,0.0,0.0,0.0,0.0,0.0,0.0,0.0,0.0,0.0,0.0,0.0,0.0,0.0,0.0,0.0,0.0,0.1668605241820191,0.0,0.0,0.0,0.0,0.0,0.0,0.0,0.0,0.0,0.0,0.0,0.0,0.0,0.0,0.0,0.0,0.0,0.0,0.0,0.0,0.0,0.0,0.0,0.0,0.0,0.0,0.0,0.0,0.0,0.0,0.0,0.0,-0.1978925344547499,0.0,0.0,0.0,0.0,0.0256749479321592,0.0,0.0,0.0,-0.2467890690937904,0.0,0.0,0.0,0.0,-0.2470923829316892,0.0,0.0,0.2302653769446223,0.0,0.0,0.0,0.0,0.0,4.563416957855225
79,0.039705044266125644,0.0,-0.1044884757961626,0.0,0.0,0.0,0.0,0.0,-0.17593416322582567,0.0,0.0,0.0,-0.25752703595876936,0.0,0.0,0.0,0.0,0.0,0.0,0.0,0.0,0.0,0.0,0.0,0.0,0.0,0.0,0.0,-0.005795112012616066,0.0,0.0,0.0,0.0,0.0,0.0,0.0,0.0,0.0,0.0,0.0,0.0,0.0,0.0,0.0,0.0,0.0,0.0,0.0,0.0,0.0,-0.18726970865853465,0.0,0.0,0.0,0.0,0.0,0.0,0.0,0.0,0.0,0.0,0.0,0.0,0.0,0.0,0.0,0.0,0.0,-0.27021004732120546,0.0,0.0,0.0,0.0,0.0,0.0,0.0,0.0,0.0,0.0,0.0,0.0,0.0,0.0,0.0,0.0,0.0,0.0,0.0,0.0,0.0,0.16712031026203578,0.0,0.0,0.0,0.0,0.0,0.0,0.0,0.0,0.0,0.0,0.0,0.0,0.0,0.0,0.0,0.0,0.0,0.0,0.0,0.0,0.0,0.0,0.0,0.0,0.0,0.0,0.0,0.0,0.0,0.0,0.0,0.0,-0.19349505410448042,0.0,0.0,0.0,0.0,0.028857645252382103,0.0,0.0,0.0,-0.24115788520338632,0.0,0.0,0.0,0.0,-0.2512163668288101,0.0,0.0,0.23200734400392986,0.0,0.0,0.0,0.0,0.0,4.563416957855225
